time,signal
0.000000,0.014901
0.001000,0.021268
0.002000,0.070077
0.003000,0.121198
0.004000,0.092795
0.005000,0.116386
0.006000,0.193490
0.007000,0.190798
0.008000,0.174166
0.009000,0.223686
0.010000,0.211234
0.011000,0.227360
0.012000,0.263173
0.013000,0.211418
0.014000,0.228247
0.015000,0.272553
0.016000,0.266705
0.017000,0.312440
0.018000,0.279979
0.019000,0.267394
0.020000,0.354681
0.021000,0.303377
0.022000,0.310209
0.023000,0.262186
0.024000,0.284186
0.025000,0.298422
0.026000,0.254284
0.027000,0.293112
0.028000,0.256326
0.029000,0.257753
0.030000,0.240444
0.031000,0.306066
0.032000,0.242287
0.033000,0.203520
0.034000,0.253023
0.035000,0.185516
0.036000,0.223053
0.037000,0.153638
0.038000,0.169349
0.039000,0.213107
0.040000,0.228703
0.041000,0.212464
0.042000,0.206119
0.043000,0.204361
0.044000,0.174413
0.045000,0.204126
0.046000,0.220424
0.047000,0.276018
0.048000,0.266167
0.049000,0.215945
0.050000,0.292878
0.051000,0.287162
0.052000,0.295089
0.053000,0.351419
0.054000,0.382518
0.055000,0.398737
0.056000,0.365359
0.057000,0.401349
0.058000,0.440828
0.059000,0.480414
0.060000,0.456838
0.061000,0.485334
0.062000,0.476849
0.063000,0.492555
0.064000,0.570316
0.065000,0.603064
0.066000,0.575437
0.067000,0.621570
0.068000,0.614699
0.069000,0.595293
0.070000,0.634600
0.071000,0.677249
0.072000,0.635562
0.073000,0.687245
0.074000,0.563500
0.075000,0.666654
0.076000,0.642649
0.077000,0.627282
0.078000,0.633449
0.079000,0.563818
0.080000,0.608000
0.081000,0.614955
0.082000,0.636858
0.083000,0.564019
0.084000,0.541273
0.085000,0.535511
0.086000,0.562305
0.087000,0.528403
0.088000,0.485944
0.089000,0.500310
0.090000,0.470862
0.091000,0.480192
0.092000,0.413575
0.093000,0.408805
0.094000,0.391528
0.095000,0.344856
0.096000,0.384073
0.097000,0.370536
0.098000,0.351579
0.099000,0.334415
0.100000,0.290409
0.101000,0.313125
0.102000,0.309843
0.103000,0.291970
0.104000,0.308658
0.105000,0.324611
0.106000,0.369574
0.107000,0.320182
0.108000,0.326018
0.109000,0.320713
0.110000,0.271245
0.111000,0.334965
0.112000,0.345480
0.113000,0.426301
0.114000,0.356026
0.115000,0.380738
0.116000,0.380875
0.117000,0.357235
0.118000,0.436933
0.119000,0.435355
0.120000,0.446291
0.121000,0.404479
0.122000,0.482312
0.123000,0.405740
0.124000,0.471914
0.125000,0.525333
0.126000,0.433880
0.127000,0.449129
0.128000,0.470072
0.129000,0.451295
0.130000,0.417480
0.131000,0.461887
0.132000,0.421989
0.133000,0.460278
0.134000,0.408888
0.135000,0.471584
0.136000,0.388461
0.137000,0.387491
0.138000,0.405155
0.139000,0.325921
0.140000,0.350383
0.141000,0.362229
0.142000,0.253133
0.143000,0.284280
0.144000,0.263126
0.145000,0.254750
0.146000,0.169709
0.147000,0.142466
0.148000,0.172925
0.149000,0.141474
0.150000,0.115671
0.151000,0.094614
0.152000,0.040532
0.153000,0.045424
0.154000,0.025742
0.155000,-0.024876
0.156000,0.033377
0.157000,-0.026171
0.158000,-0.092455
0.159000,-0.051805
0.160000,-0.113917
0.161000,-0.072582
0.162000,-0.071269
0.163000,-0.138787
0.164000,-0.091721
0.165000,-0.113043
0.166000,-0.103966
0.167000,-0.073389
0.168000,-0.137870
0.169000,-0.151987
0.170000,-0.153694
0.171000,-0.148016
0.172000,-0.121431
0.173000,-0.103655
0.174000,-0.099721
0.175000,-0.076867
0.176000,-0.094658
0.177000,-0.044691
0.178000,-0.089548
0.179000,0.006446
0.180000,-0.050356
0.181000,-0.089393
0.182000,-0.091105
0.183000,-0.040706
0.184000,-0.059129
0.185000,-0.029426
0.186000,-0.036360
0.187000,-0.053844
0.188000,-0.079642
0.189000,-0.103805
0.190000,-0.077468
0.191000,-0.045714
0.192000,-0.073947
0.193000,-0.128328
0.194000,-0.097939
0.195000,-0.105298
0.196000,-0.158575
0.197000,-0.144045
0.198000,-0.164800
0.199000,-0.219902
0.200000,-0.194991
0.201000,-0.209913
0.202000,-0.216002
0.203000,-0.239216
0.204000,-0.334902
0.205000,-0.344674
0.206000,-0.324100
0.207000,-0.347008
0.208000,-0.369514
0.209000,-0.291420
0.210000,-0.411224
0.211000,-0.414777
0.212000,-0.439695
0.213000,-0.467072
0.214000,-0.513056
0.215000,-0.496371
0.216000,-0.556312
0.217000,-0.552568
0.218000,-0.570631
0.219000,-0.562430
0.220000,-0.502428
0.221000,-0.633012
0.222000,-0.559672
0.223000,-0.630063
0.224000,-0.595453
0.225000,-0.546486
0.226000,-0.573403
0.227000,-0.602250
0.228000,-0.584477
0.229000,-0.534367
0.230000,-0.567173
0.231000,-0.528195
0.232000,-0.521825
0.233000,-0.530486
0.234000,-0.433782
0.235000,-0.465841
0.236000,-0.532146
0.237000,-0.452289
0.238000,-0.464364
0.239000,-0.405880
0.240000,-0.442656
0.241000,-0.410400
0.242000,-0.380688
0.243000,-0.359693
0.244000,-0.412579
0.245000,-0.378705
0.246000,-0.376312
0.247000,-0.376436
0.248000,-0.300091
0.249000,-0.338617
0.250000,-0.387827
0.251000,-0.323230
0.252000,-0.289390
0.253000,-0.325862
0.254000,-0.407645
0.255000,-0.383197
0.256000,-0.338563
0.257000,-0.406896
0.258000,-0.382523
0.259000,-0.383718
0.260000,-0.446688
0.261000,-0.433239
0.262000,-0.541749
0.263000,-0.488614
0.264000,-0.478969
0.265000,-0.522292
0.266000,-0.449128
0.267000,-0.553842
0.268000,-0.536393
0.269000,-0.530766
0.270000,-0.502024
0.271000,-0.597830
0.272000,-0.528123
0.273000,-0.569611
0.274000,-0.604777
0.275000,-0.565291
0.276000,-0.575323
0.277000,-0.599688
0.278000,-0.578165
0.279000,-0.588553
0.280000,-0.568462
0.281000,-0.545022
0.282000,-0.508490
0.283000,-0.582598
0.284000,-0.469136
0.285000,-0.577702
0.286000,-0.508151
0.287000,-0.468964
0.288000,-0.459885
0.289000,-0.467524
0.290000,-0.434595
0.291000,-0.421791
0.292000,-0.402647
0.293000,-0.336933
0.294000,-0.328841
0.295000,-0.337327
0.296000,-0.266583
0.297000,-0.261611
0.298000,-0.224108
0.299000,-0.207848
0.300000,-0.230595
0.301000,-0.202419
0.302000,-0.144128
0.303000,-0.130345
0.304000,-0.132687
0.305000,-0.113338
0.306000,-0.064804
0.307000,-0.108703
0.308000,-0.063957
0.309000,-0.077472
0.310000,-0.070603
0.311000,-0.025396
0.312000,-0.029476
0.313000,-0.027254
0.314000,-0.011392
0.315000,-0.050216
0.316000,-0.031967
0.317000,-0.064488
0.318000,-0.049253
0.319000,-0.067583
0.320000,-0.066216
0.321000,-0.057305
0.322000,-0.106155
0.323000,-0.025525
0.324000,-0.125229
0.325000,-0.138108
0.326000,-0.073278
0.327000,-0.090140
0.328000,-0.100394
0.329000,-0.104692
0.330000,-0.127376
0.331000,-0.156292
0.332000,-0.128234
0.333000,-0.150608
0.334000,-0.099374
0.335000,-0.129838
0.336000,-0.145388
0.337000,-0.123808
0.338000,-0.093639
0.339000,-0.113106
0.340000,-0.109343
0.341000,-0.064191
0.342000,-0.049367
0.343000,-0.055595
0.344000,-0.036727
0.345000,0.003516
0.346000,-0.026493
0.347000,-0.003767
0.348000,0.039379
0.349000,0.077817
0.350000,0.117483
0.351000,0.176825
0.352000,0.182997
0.353000,0.177282
0.354000,0.206248
0.355000,0.201220
0.356000,0.254774
0.357000,0.270081
0.358000,0.311039
0.359000,0.298198
0.360000,0.359139
0.361000,0.408829
0.362000,0.377487
0.363000,0.409204
0.364000,0.432663
0.365000,0.413049
0.366000,0.443194
0.367000,0.446448
0.368000,0.456789
0.369000,0.436640
0.370000,0.464735
0.371000,0.481339
0.372000,0.510616
0.373000,0.494897
0.374000,0.528191
0.375000,0.436599
0.376000,0.480478
0.377000,0.453296
0.378000,0.505922
0.379000,0.407512
0.380000,0.397368
0.381000,0.394815
0.382000,0.338932
0.383000,0.376522
0.384000,0.359142
0.385000,0.376203
0.386000,0.372050
0.387000,0.408688
0.388000,0.372186
0.389000,0.318453
0.390000,0.301856
0.391000,0.337704
0.392000,0.278685
0.393000,0.369888
0.394000,0.348371
0.395000,0.298415
0.396000,0.262103
0.397000,0.356655
0.398000,0.316688
0.399000,0.362879
0.400000,0.285037
0.401000,0.437757
0.402000,0.580154
0.403000,0.706971
0.404000,0.818830
0.405000,0.978876
0.406000,1.056977
0.407000,1.214364
0.408000,1.238246
0.409000,1.152280
0.410000,1.060727
0.411000,0.908315
0.412000,0.798670
0.413000,0.785443
0.414000,0.659098
0.415000,0.528109
0.416000,0.612062
0.417000,0.583037
0.418000,0.627900
0.419000,0.606267
0.420000,0.676413
0.421000,0.676105
0.422000,0.623227
0.423000,0.665399
0.424000,0.659399
0.425000,0.683056
0.426000,0.613145
0.427000,0.660887
0.428000,0.668390
0.429000,0.578346
0.430000,0.588260
0.431000,0.553470
0.432000,0.595768
0.433000,0.612990
0.434000,0.622668
0.435000,0.564599
0.436000,0.594799
0.437000,0.487038
0.438000,0.458937
0.439000,0.489238
0.440000,0.482735
0.441000,0.450167
0.442000,0.368867
0.443000,0.407952
0.444000,0.351402
0.445000,0.390889
0.446000,0.362586
0.447000,0.304872
0.448000,0.299980
0.449000,0.266938
0.450000,0.281276
0.451000,0.297491
0.452000,0.226286
0.453000,0.259426
0.454000,0.218335
0.455000,0.201935
0.456000,0.215557
0.457000,0.182337
0.458000,0.192979
0.459000,0.171387
0.460000,0.265491
0.461000,0.208259
0.462000,0.188203
0.463000,0.218848
0.464000,0.213417
0.465000,0.215512
0.466000,0.246772
0.467000,0.257977
0.468000,0.226777
0.469000,0.233223
0.470000,0.250243
0.471000,0.197446
0.472000,0.228890
0.473000,0.322847
0.474000,0.338163
0.475000,0.287623
0.476000,0.317814
0.477000,0.314266
0.478000,0.400550
0.479000,0.343738
0.480000,0.306874
0.481000,0.281097
0.482000,0.259026
0.483000,0.309116
0.484000,0.274399
0.485000,0.246754
0.486000,0.260597
0.487000,0.236370
0.488000,0.306528
0.489000,0.267781
0.490000,0.224897
0.491000,0.251808
0.492000,0.190572
0.493000,0.141937
0.494000,0.191808
0.495000,0.139578
0.496000,0.068702
0.497000,0.069797
0.498000,0.024378
0.499000,-0.016068
0.500000,0.027785
0.501000,0.031867
0.502000,-0.092603
0.503000,-0.058618
0.504000,-0.119339
0.505000,-0.138024
0.506000,-0.163886
0.507000,-0.193695
0.508000,-0.186795
0.509000,-0.232338
0.510000,-0.217023
0.511000,-0.242839
0.512000,-0.263082
0.513000,-0.296043
0.514000,-0.297298
0.515000,-0.266760
0.516000,-0.282062
0.517000,-0.332339
0.518000,-0.304240
0.519000,-0.287222
0.520000,-0.360794
0.521000,-0.293850
0.522000,-0.328062
0.523000,-0.287810
0.524000,-0.323415
0.525000,-0.349240
0.526000,-0.337640
0.527000,-0.280398
0.528000,-0.266554
0.529000,-0.293633
0.530000,-0.239337
0.531000,-0.300344
0.532000,-0.244674
0.533000,-0.271582
0.534000,-0.247902
0.535000,-0.220719
0.536000,-0.242600
0.537000,-0.223965
0.538000,-0.179006
0.539000,-0.224508
0.540000,-0.181479
0.541000,-0.241214
0.542000,-0.193695
0.543000,-0.170147
0.544000,-0.292918
0.545000,-0.249628
0.546000,-0.216931
0.547000,-0.250396
0.548000,-0.244724
0.549000,-0.286956
0.550000,-0.280558
0.551000,-0.303385
0.552000,-0.280363
0.553000,-0.325436
0.554000,-0.341460
0.555000,-0.383155
0.556000,-0.405164
0.557000,-0.423602
0.558000,-0.419057
0.559000,-0.463777
0.560000,-0.462520
0.561000,-0.428642
0.562000,-0.483905
0.563000,-0.538222
0.564000,-0.509904
0.565000,-0.574619
0.566000,-0.638741
0.567000,-0.621706
0.568000,-0.659974
0.569000,-0.625192
0.570000,-0.623206
0.571000,-0.580815
0.572000,-0.626829
0.573000,-0.646879
0.574000,-0.617211
0.575000,-0.708331
0.576000,-0.632970
0.577000,-0.613126
0.578000,-0.675054
0.579000,-0.589132
0.580000,-0.604435
0.581000,-0.616700
0.582000,-0.573538
0.583000,-0.511446
0.584000,-0.560072
0.585000,-0.543117
0.586000,-0.548624
0.587000,-0.544036
0.588000,-0.476926
0.589000,-0.510594
0.590000,-0.465803
0.591000,-0.465462
0.592000,-0.420268
0.593000,-0.408625
0.594000,-0.372165
0.595000,-0.404062
0.596000,-0.383285
0.597000,-0.392067
0.598000,-0.364754
0.599000,-0.330133
0.600000,-0.310160
0.601000,-0.353409
0.602000,-0.294036
0.603000,-0.275369
0.604000,-0.301094
0.605000,-0.256186
0.606000,-0.336202
0.607000,-0.352284
0.608000,-0.371653
0.609000,-0.278065
0.610000,-0.309177
0.611000,-0.337428
0.612000,-0.335274
0.613000,-0.386168
0.614000,-0.288425
0.615000,-0.367815
0.616000,-0.378634
0.617000,-0.370522
0.618000,-0.388218
0.619000,-0.406081
0.620000,-0.446274
0.621000,-0.417617
0.622000,-0.383767
0.623000,-0.407433
0.624000,-0.406513
0.625000,-0.474956
0.626000,-0.493284
0.627000,-0.469892
0.628000,-0.465410
0.629000,-0.433574
0.630000,-0.514773
0.631000,-0.413944
0.632000,-0.458599
0.633000,-0.458877
0.634000,-0.466834
0.635000,-0.474731
0.636000,-0.387264
0.637000,-0.394953
0.638000,-0.419448
0.639000,-0.401699
0.640000,-0.353632
0.641000,-0.272944
0.642000,-0.309145
0.643000,-0.323835
0.644000,-0.262702
0.645000,-0.239477
0.646000,-0.287725
0.647000,-0.183709
0.648000,-0.164195
0.649000,-0.111678
0.650000,-0.052687
0.651000,-0.050424
0.652000,-0.068999
0.653000,-0.071653
0.654000,0.060251
0.655000,0.005222
0.656000,0.023014
0.657000,0.039663
0.658000,0.062659
0.659000,0.067171
0.660000,0.067467
0.661000,0.079789
0.662000,0.105044
0.663000,0.097863
0.664000,0.099237
0.665000,0.128620
0.666000,0.120978
0.667000,0.175413
0.668000,0.050979
0.669000,0.162120
0.670000,0.164391
0.671000,0.061340
0.672000,0.108837
0.673000,0.102747
0.674000,0.065796
0.675000,0.078348
0.676000,0.061731
0.677000,0.140865
0.678000,0.109678
0.679000,0.113306
0.680000,0.090776
0.681000,0.029807
0.682000,0.043243
0.683000,0.069861
0.684000,0.015762
0.685000,0.072236
0.686000,0.043347
0.687000,0.040415
0.688000,0.075567
0.689000,0.071688
0.690000,0.053243
0.691000,0.106186
0.692000,0.047938
0.693000,0.109434
0.694000,0.120927
0.695000,0.107571
0.696000,0.141844
0.697000,0.111123
0.698000,0.194267
0.699000,0.180066
0.700000,0.190043
0.701000,0.258207
0.702000,0.227364
0.703000,0.228576
0.704000,0.246873
0.705000,0.334720
0.706000,0.301138
0.707000,0.415065
0.708000,0.322508
0.709000,0.457895
0.710000,0.434682
0.711000,0.445942
0.712000,0.451968
0.713000,0.498588
0.714000,0.502468
0.715000,0.552239
0.716000,0.536554
0.717000,0.549973
0.718000,0.545162
0.719000,0.563178
0.720000,0.581102
0.721000,0.525689
0.722000,0.539814
0.723000,0.603979
0.724000,0.586421
0.725000,0.573635
0.726000,0.575885
0.727000,0.580345
0.728000,0.546825
0.729000,0.531405
0.730000,0.551138
0.731000,0.505337
0.732000,0.535439
0.733000,0.459860
0.734000,0.528975
0.735000,0.499036
0.736000,0.479073
0.737000,0.487363
0.738000,0.494475
0.739000,0.461884
0.740000,0.363654
0.741000,0.368570
0.742000,0.377093
0.743000,0.386448
0.744000,0.392100
0.745000,0.346897
0.746000,0.367667
0.747000,0.334175
0.748000,0.334709
0.749000,0.308566
0.750000,0.322303
0.751000,0.310216
0.752000,0.323778
0.753000,0.388446
0.754000,0.333582
0.755000,0.447641
0.756000,0.391370
0.757000,0.391211
0.758000,0.370087
0.759000,0.427967
0.760000,0.401611
0.761000,0.435113
0.762000,0.521313
0.763000,0.455001
0.764000,0.505870
0.765000,0.463763
0.766000,0.497051
0.767000,0.564062
0.768000,0.504383
0.769000,0.589062
0.770000,0.566495
0.771000,0.537881
0.772000,0.581990
0.773000,0.599094
0.774000,0.593986
0.775000,0.532047
0.776000,0.559481
0.777000,0.574256
0.778000,0.578026
0.779000,0.595614
0.780000,0.577199
0.781000,0.524826
0.782000,0.567476
0.783000,0.563781
0.784000,0.549921
0.785000,0.551563
0.786000,0.528615
0.787000,0.500389
0.788000,0.466210
0.789000,0.399015
0.790000,0.441240
0.791000,0.413232
0.792000,0.393113
0.793000,0.324119
0.794000,0.307120
0.795000,0.348134
0.796000,0.292385
0.797000,0.291275
0.798000,0.249343
0.799000,0.227630
0.800000,0.233873
0.801000,0.170132
0.802000,0.169430
0.803000,0.134788
0.804000,0.119025
0.805000,0.107582
0.806000,0.109798
0.807000,0.076593
0.808000,0.118043
0.809000,0.044568
0.810000,0.058466
0.811000,0.045168
0.812000,0.097648
0.813000,0.057556
0.814000,0.081512
0.815000,0.006279
0.816000,0.060437
0.817000,0.081869
0.818000,0.061447
0.819000,0.095643
0.820000,0.053608
0.821000,0.117440
0.822000,0.150575
0.823000,0.077412
0.824000,0.081683
0.825000,0.145284
0.826000,0.155409
0.827000,0.098204
0.828000,0.106512
0.829000,0.115089
0.830000,0.086675
0.831000,0.101815
0.832000,0.100384
0.833000,0.107259
0.834000,0.127587
0.835000,0.132453
0.836000,0.167138
0.837000,0.084216
0.838000,0.135557
0.839000,0.089775
0.840000,0.083193
0.841000,0.091746
0.842000,0.023035
0.843000,0.051859
0.844000,0.027589
0.845000,0.018219
0.846000,-0.008275
0.847000,0.035202
0.848000,-0.080065
0.849000,-0.100151
0.850000,-0.126850
0.851000,-0.149229
0.852000,-0.176389
0.853000,-0.146410
0.854000,-0.164203
0.855000,-0.248418
0.856000,-0.280300
0.857000,-0.264598
0.858000,-0.317924
0.859000,-0.304027
0.860000,-0.337471
0.861000,-0.408319
0.862000,-0.334325
0.863000,-0.343277
0.864000,-0.430342
0.865000,-0.436717
0.866000,-0.427895
0.867000,-0.436037
0.868000,-0.434102
0.869000,-0.399524
0.870000,-0.469308
0.871000,-0.490348
0.872000,-0.508462
0.873000,-0.488046
0.874000,-0.464590
0.875000,-0.405783
0.876000,-0.469837
0.877000,-0.441082
0.878000,-0.440721
0.879000,-0.396109
0.880000,-0.346752
0.881000,-0.428723
0.882000,-0.417332
0.883000,-0.360970
0.884000,-0.361459
0.885000,-0.316290
0.886000,-0.344279
0.887000,-0.363182
0.888000,-0.325953
0.889000,-0.302499
0.890000,-0.304194
0.891000,-0.307728
0.892000,-0.286291
0.893000,-0.279865
0.894000,-0.271523
0.895000,-0.293029
0.896000,-0.318510
0.897000,-0.311637
0.898000,-0.283929
0.899000,-0.350252
0.900000,-0.321810
0.901000,-0.353252
0.902000,-0.350563
0.903000,-0.324351
0.904000,-0.369456
0.905000,-0.387369
0.906000,-0.444087
0.907000,-0.396247
0.908000,-0.415272
0.909000,-0.386235
0.910000,-0.477184
0.911000,-0.478337
0.912000,-0.494355
0.913000,-0.471217
0.914000,-0.537702
0.915000,-0.542193
0.916000,-0.547291
0.917000,-0.573969
0.918000,-0.605914
0.919000,-0.598419
0.920000,-0.582381
0.921000,-0.654240
0.922000,-0.626707
0.923000,-0.657256
0.924000,-0.604187
0.925000,-0.687693
0.926000,-0.658860
0.927000,-0.628989
0.928000,-0.589671
0.929000,-0.633080
0.930000,-0.640414
0.931000,-0.558212
0.932000,-0.647291
0.933000,-0.657428
0.934000,-0.564397
0.935000,-0.577438
0.936000,-0.576578
0.937000,-0.507190
0.938000,-0.502725
0.939000,-0.507827
0.940000,-0.509623
0.941000,-0.424974
0.942000,-0.411385
0.943000,-0.413601
0.944000,-0.335137
0.945000,-0.402901
0.946000,-0.397354
0.947000,-0.353826
0.948000,-0.316764
0.949000,-0.291415
0.950000,-0.290393
0.951000,-0.143989
0.952000,-0.064833
0.953000,0.141865
0.954000,0.220435
0.955000,0.379226
0.956000,0.477228
0.957000,0.600308
0.958000,0.607504
0.959000,0.491822
0.960000,0.384161
0.961000,0.289816
0.962000,0.139558
0.963000,0.037413
0.964000,-0.105194
0.965000,-0.178938
0.966000,-0.248639
0.967000,-0.181223
0.968000,-0.243896
0.969000,-0.293421
0.970000,-0.254652
0.971000,-0.286935
0.972000,-0.249126
0.973000,-0.301419
0.974000,-0.302199
0.975000,-0.351780
0.976000,-0.314086
0.977000,-0.377645
0.978000,-0.355701
0.979000,-0.287338
0.980000,-0.287137
0.981000,-0.297000
0.982000,-0.336229
0.983000,-0.304444
0.984000,-0.297198
0.985000,-0.324172
0.986000,-0.234893
0.987000,-0.242496
0.988000,-0.262543
0.989000,-0.240526
0.990000,-0.218885
0.991000,-0.268662
0.992000,-0.195666
0.993000,-0.188235
0.994000,-0.176163
0.995000,-0.131843
0.996000,-0.045889
0.997000,-0.056282
0.998000,-0.067782
0.999000,-0.008238
1.000000,0.041981
1.001000,0.053155
1.002000,0.052435
1.003000,0.056099
1.004000,0.120766
1.005000,0.135215
1.006000,0.172970
1.007000,0.186830
1.008000,0.219737
1.009000,0.191352
1.010000,0.264658
1.011000,0.247260
1.012000,0.318171
1.013000,0.248141
1.014000,0.332074
1.015000,0.295359
1.016000,0.277547
1.017000,0.288496
1.018000,0.297609
1.019000,0.322488
1.020000,0.326397
1.021000,0.292940
1.022000,0.307453
1.023000,0.369196
1.024000,0.352343
1.025000,0.308184
1.026000,0.289954
1.027000,0.285442
1.028000,0.292751
1.029000,0.235820
1.030000,0.250774
1.031000,0.200440
1.032000,0.254668
1.033000,0.254667
1.034000,0.213851
1.035000,0.269361
1.036000,0.180014
1.037000,0.168497
1.038000,0.215928
1.039000,0.238614
1.040000,0.257067
1.041000,0.193557
1.042000,0.241949
1.043000,0.212239
1.044000,0.213590
1.045000,0.252231
1.046000,0.253813
1.047000,0.197013
1.048000,0.300154
1.049000,0.310239
1.050000,0.264389
1.051000,0.310589
1.052000,0.330217
1.053000,0.340889
1.054000,0.335079
1.055000,0.350650
1.056000,0.389769
1.057000,0.445808
1.058000,0.447199
1.059000,0.440029
1.060000,0.494364
1.061000,0.405448
1.062000,0.544502
1.063000,0.476250
1.064000,0.535067
1.065000,0.528786
1.066000,0.538757
1.067000,0.626288
1.068000,0.589819
1.069000,0.625042
1.070000,0.622350
1.071000,0.645419
1.072000,0.638942
1.073000,0.601816
1.074000,0.671981
1.075000,0.627185
1.076000,0.593341
1.077000,0.623409
1.078000,0.675719
1.079000,0.648951
1.080000,0.604131
1.081000,0.593764
1.082000,0.582872
1.083000,0.641869
1.084000,0.576986
1.085000,0.563465
1.086000,0.565752
1.087000,0.525705
1.088000,0.494065
1.089000,0.479021
1.090000,0.465802
1.091000,0.450016
1.092000,0.456466
1.093000,0.420193
1.094000,0.425271
1.095000,0.386340
1.096000,0.377548
1.097000,0.302759
1.098000,0.378915
1.099000,0.351847
1.100000,0.362810
1.101000,0.238857
1.102000,0.382776
1.103000,0.311851
1.104000,0.346742
1.105000,0.281293
1.106000,0.331371
1.107000,0.283342
1.108000,0.299579
1.109000,0.380367
1.110000,0.323088
1.111000,0.342283
1.112000,0.369775
1.113000,0.367274
1.114000,0.366310
1.115000,0.382640
1.116000,0.454019
1.117000,0.390566
1.118000,0.408682
1.119000,0.444317
1.120000,0.455726
1.121000,0.467372
1.122000,0.459390
1.123000,0.413506
1.124000,0.503311
1.125000,0.425229
1.126000,0.472675
1.127000,0.443490
1.128000,0.465158
1.129000,0.476262
1.130000,0.473640
1.131000,0.472488
1.132000,0.502270
1.133000,0.459676
1.134000,0.429146
1.135000,0.454008
1.136000,0.447643
1.137000,0.360325
1.138000,0.398672
1.139000,0.383882
1.140000,0.334632
1.141000,0.364286
1.142000,0.296856
1.143000,0.282508
1.144000,0.250137
1.145000,0.231763
1.146000,0.173930
1.147000,0.138879
1.148000,0.205102
1.149000,0.107156
1.150000,0.078414
1.151000,0.019619
1.152000,0.041764
1.153000,-0.001236
1.154000,0.066210
1.155000,0.026849
1.156000,-0.043240
1.157000,0.027187
1.158000,-0.027263
1.159000,-0.081246
1.160000,-0.159659
1.161000,-0.027466
1.162000,-0.147714
1.163000,-0.163528
1.164000,-0.089945
1.165000,-0.052234
1.166000,-0.087100
1.167000,-0.113376
1.168000,-0.112666
1.169000,-0.103772
1.170000,-0.104241
1.171000,-0.115106
1.172000,-0.115992
1.173000,-0.115768
1.174000,-0.130640
1.175000,-0.110103
1.176000,-0.145837
1.177000,-0.091247
1.178000,-0.111266
1.179000,-0.108267
1.180000,-0.063729
1.181000,-0.021918
1.182000,-0.031429
1.183000,-0.102295
1.184000,-0.082114
1.185000,-0.022623
1.186000,-0.080031
1.187000,-0.058399
1.188000,-0.037737
1.189000,-0.087410
1.190000,-0.060911
1.191000,-0.111427
1.192000,-0.098411
1.193000,-0.081362
1.194000,-0.150924
1.195000,-0.103643
1.196000,-0.132649
1.197000,-0.132082
1.198000,-0.159829
1.199000,-0.144689
1.200000,-0.201968
1.201000,-0.239619
1.202000,-0.244825
1.203000,-0.254531
1.204000,-0.292106
1.205000,-0.315322
1.206000,-0.360611
1.207000,-0.382309
1.208000,-0.427044
1.209000,-0.354514
1.210000,-0.465667
1.211000,-0.469631
1.212000,-0.489867
1.213000,-0.459766
1.214000,-0.512446
1.215000,-0.481707
1.216000,-0.553332
1.217000,-0.537094
1.218000,-0.581131
1.219000,-0.500531
1.220000,-0.607496
1.221000,-0.567699
1.222000,-0.561246
1.223000,-0.569267
1.224000,-0.586854
1.225000,-0.583049
1.226000,-0.574017
1.227000,-0.574328
1.228000,-0.534102
1.229000,-0.488439
1.230000,-0.561987
1.231000,-0.575783
1.232000,-0.525840
1.233000,-0.433547
1.234000,-0.522211
1.235000,-0.435685
1.236000,-0.421061
1.237000,-0.474490
1.238000,-0.427441
1.239000,-0.382601
1.240000,-0.430254
1.241000,-0.413065
1.242000,-0.413288
1.243000,-0.416108
1.244000,-0.396049
1.245000,-0.405388
1.246000,-0.361041
1.247000,-0.379936
1.248000,-0.346041
1.249000,-0.397443
1.250000,-0.340074
1.251000,-0.325760
1.252000,-0.412867
1.253000,-0.345615
1.254000,-0.325233
1.255000,-0.404959
1.256000,-0.326393
1.257000,-0.373095
1.258000,-0.416988
1.259000,-0.408631
1.260000,-0.402131
1.261000,-0.429173
1.262000,-0.428348
1.263000,-0.485503
1.264000,-0.466311
1.265000,-0.527270
1.266000,-0.501438
1.267000,-0.538055
1.268000,-0.545258
1.269000,-0.497606
1.270000,-0.512523
1.271000,-0.536480
1.272000,-0.595787
1.273000,-0.579410
1.274000,-0.538939
1.275000,-0.574903
1.276000,-0.511715
1.277000,-0.569882
1.278000,-0.574498
1.279000,-0.586267
1.280000,-0.567862
1.281000,-0.569460
1.282000,-0.534827
1.283000,-0.516763
1.284000,-0.556707
1.285000,-0.559077
1.286000,-0.558684
1.287000,-0.471374
1.288000,-0.501416
1.289000,-0.513430
1.290000,-0.416694
1.291000,-0.332211
1.292000,-0.385148
1.293000,-0.337267
1.294000,-0.337096
1.295000,-0.319506
1.296000,-0.265999
1.297000,-0.279538
1.298000,-0.240472
1.299000,-0.217086
1.300000,-0.225768
1.301000,-0.155852
1.302000,-0.171795
1.303000,-0.171329
1.304000,-0.115964
1.305000,-0.143812
1.306000,-0.102289
1.307000,-0.091229
1.308000,-0.047793
1.309000,-0.057165
1.310000,-0.064823
1.311000,-0.033827
1.312000,-0.012532
1.313000,-0.034925
1.314000,-0.050246
1.315000,-0.090201
1.316000,-0.084379
1.317000,-0.064336
1.318000,-0.077264
1.319000,-0.069287
1.320000,-0.067427
1.321000,-0.059269
1.322000,-0.083723
1.323000,-0.073702
1.324000,-0.093114
1.325000,-0.160946
1.326000,-0.136201
1.327000,-0.118213
1.328000,-0.155409
1.329000,-0.105544
1.330000,-0.081086
1.331000,-0.092812
1.332000,-0.136912
1.333000,-0.085571
1.334000,-0.124168
1.335000,-0.135539
1.336000,-0.139025
1.337000,-0.123240
1.338000,-0.117672
1.339000,-0.091082
1.340000,-0.079859
1.341000,-0.071410
1.342000,-0.043608
1.343000,-0.004667
1.344000,0.005891
1.345000,-0.047992
1.346000,-0.059668
1.347000,0.066486
1.348000,0.019926
1.349000,0.077478
1.350000,0.073053
1.351000,0.078505
1.352000,0.173511
1.353000,0.204855
1.354000,0.189523
1.355000,0.153564
1.356000,0.238942
1.357000,0.290495
1.358000,0.256990
1.359000,0.328516
1.360000,0.343100
1.361000,0.380226
1.362000,0.384337
1.363000,0.367961
1.364000,0.447856
1.365000,0.420330
1.366000,0.435652
1.367000,0.418072
1.368000,0.440560
1.369000,0.433286
1.370000,0.458811
1.371000,0.517751
1.372000,0.425925
1.373000,0.417712
1.374000,0.507731
1.375000,0.453340
1.376000,0.434236
1.377000,0.478993
1.378000,0.422060
1.379000,0.486541
1.380000,0.442898
1.381000,0.398160
1.382000,0.467368
1.383000,0.374123
1.384000,0.404179
1.385000,0.380670
1.386000,0.400849
1.387000,0.399249
1.388000,0.344633
1.389000,0.313158
1.390000,0.342607
1.391000,0.302615
1.392000,0.378693
1.393000,0.319040
1.394000,0.302029
1.395000,0.318030
1.396000,0.273083
1.397000,0.286890
1.398000,0.356137
1.399000,0.306038
1.400000,0.301462
1.401000,0.357552
1.402000,0.386996
1.403000,0.384273
1.404000,0.405070
1.405000,0.366058
1.406000,0.360637
1.407000,0.463675
1.408000,0.424957
1.409000,0.443608
1.410000,0.507796
1.411000,0.501599
1.412000,0.515513
1.413000,0.583491
1.414000,0.515538
1.415000,0.578399
1.416000,0.567238
1.417000,0.587625
1.418000,0.638375
1.419000,0.619476
1.420000,0.630739
1.421000,0.655620
1.422000,0.619747
1.423000,0.611076
1.424000,0.608694
1.425000,0.583007
1.426000,0.703779
1.427000,0.607209
1.428000,0.629999
1.429000,0.622803
1.430000,0.632980
1.431000,0.639119
1.432000,0.629664
1.433000,0.573971
1.434000,0.572583
1.435000,0.570854
1.436000,0.538480
1.437000,0.576661
1.438000,0.524768
1.439000,0.512951
1.440000,0.491100
1.441000,0.486352
1.442000,0.436321
1.443000,0.371721
1.444000,0.402526
1.445000,0.351258
1.446000,0.335730
1.447000,0.350660
1.448000,0.352545
1.449000,0.299353
1.450000,0.292421
1.451000,0.319903
1.452000,0.263081
1.453000,0.322355
1.454000,0.251208
1.455000,0.172898
1.456000,0.241369
1.457000,0.224829
1.458000,0.248281
1.459000,0.227519
1.460000,0.202396
1.461000,0.170472
1.462000,0.202924
1.463000,0.186913
1.464000,0.199372
1.465000,0.239798
1.466000,0.278444
1.467000,0.247092
1.468000,0.206815
1.469000,0.263836
1.470000,0.294394
1.471000,0.248210
1.472000,0.270325
1.473000,0.282281
1.474000,0.265267
1.475000,0.314542
1.476000,0.296889
1.477000,0.317514
1.478000,0.281559
1.479000,0.297027
1.480000,0.332383
1.481000,0.298578
1.482000,0.359029
1.483000,0.291023
1.484000,0.303831
1.485000,0.317399
1.486000,0.237444
1.487000,0.215992
1.488000,0.210144
1.489000,0.279210
1.490000,0.208581
1.491000,0.284156
1.492000,0.171323
1.493000,0.173312
1.494000,0.192377
1.495000,0.183593
1.496000,0.161665
1.497000,0.111758
1.498000,0.081368
1.499000,0.043192
1.500000,0.023351
1.501000,-0.041951
1.502000,-0.075192
1.503000,-0.075608
1.504000,-0.104925
1.505000,-0.137007
1.506000,-0.125222
1.507000,-0.139116
1.508000,-0.185598
1.509000,-0.163084
1.510000,-0.259387
1.511000,-0.247142
1.512000,-0.277418
1.513000,-0.324812
1.514000,-0.282475
1.515000,-0.293074
1.516000,-0.251687
1.517000,-0.284088
1.518000,-0.337945
1.519000,-0.254141
1.520000,-0.274080
1.521000,-0.292688
1.522000,-0.314978
1.523000,-0.333712
1.524000,-0.311683
1.525000,-0.262431
1.526000,-0.232276
1.527000,-0.235543
1.528000,-0.289011
1.529000,-0.300092
1.530000,-0.254268
1.531000,-0.303551
1.532000,-0.232997
1.533000,-0.239679
1.534000,-0.242328
1.535000,-0.269982
1.536000,-0.201379
1.537000,-0.228409
1.538000,-0.244292
1.539000,-0.293369
1.540000,-0.207375
1.541000,-0.154156
1.542000,-0.159751
1.543000,-0.227107
1.544000,-0.236835
1.545000,-0.211658
1.546000,-0.264195
1.547000,-0.235251
1.548000,-0.232876
1.549000,-0.232029
1.550000,-0.286161
1.551000,-0.304825
1.552000,-0.341736
1.553000,-0.357875
1.554000,-0.358383
1.555000,-0.359778
1.556000,-0.363128
1.557000,-0.434721
1.558000,-0.386110
1.559000,-0.459281
1.560000,-0.471855
1.561000,-0.513321
1.562000,-0.582766
1.563000,-0.501920
1.564000,-0.523835
1.565000,-0.570816
1.566000,-0.575587
1.567000,-0.575985
1.568000,-0.650727
1.569000,-0.630518
1.570000,-0.599930
1.571000,-0.668736
1.572000,-0.627830
1.573000,-0.681003
1.574000,-0.628100
1.575000,-0.643067
1.576000,-0.688492
1.577000,-0.601310
1.578000,-0.652734
1.579000,-0.647752
1.580000,-0.608573
1.581000,-0.569782
1.582000,-0.622996
1.583000,-0.577716
1.584000,-0.552663
1.585000,-0.529771
1.586000,-0.529550
1.587000,-0.529552
1.588000,-0.526664
1.589000,-0.482327
1.590000,-0.500114
1.591000,-0.538773
1.592000,-0.421540
1.593000,-0.391517
1.594000,-0.474180
1.595000,-0.419054
1.596000,-0.356614
1.597000,-0.300980
1.598000,-0.350802
1.599000,-0.363292
1.600000,-0.338357
1.601000,-0.170212
1.602000,-0.110932
1.603000,0.002843
1.604000,0.129164
1.605000,0.230339
1.606000,0.376406
1.607000,0.533796
1.608000,0.491401
1.609000,0.355197
1.610000,0.233866
1.611000,0.074487
1.612000,0.025677
1.613000,-0.126167
1.614000,-0.252926
1.615000,-0.275898
1.616000,-0.372954
1.617000,-0.414849
1.618000,-0.415439
1.619000,-0.378344
1.620000,-0.419162
1.621000,-0.474909
1.622000,-0.412651
1.623000,-0.467840
1.624000,-0.398109
1.625000,-0.427218
1.626000,-0.477016
1.627000,-0.427688
1.628000,-0.465046
1.629000,-0.440816
1.630000,-0.449457
1.631000,-0.485221
1.632000,-0.473165
1.633000,-0.415171
1.634000,-0.446514
1.635000,-0.437195
1.636000,-0.440612
1.637000,-0.384445
1.638000,-0.318874
1.639000,-0.394873
1.640000,-0.342832
1.641000,-0.280648
1.642000,-0.303747
1.643000,-0.265170
1.644000,-0.287201
1.645000,-0.218446
1.646000,-0.212432
1.647000,-0.152508
1.648000,-0.121646
1.649000,-0.054878
1.650000,-0.090767
1.651000,-0.074447
1.652000,-0.055101
1.653000,-0.049052
1.654000,-0.006795
1.655000,-0.005417
1.656000,0.027650
1.657000,0.079914
1.658000,0.026520
1.659000,0.105698
1.660000,0.124190
1.661000,0.092652
1.662000,0.042371
1.663000,0.095931
1.664000,0.159532
1.665000,0.124741
1.666000,0.098649
1.667000,0.115150
1.668000,0.155727
1.669000,0.145777
1.670000,0.119841
1.671000,0.112537
1.672000,0.107365
1.673000,0.086218
1.674000,0.156483
1.675000,0.092013
1.676000,0.131563
1.677000,0.133936
1.678000,0.111557
1.679000,0.062211
1.680000,0.081238
1.681000,0.062952
1.682000,0.031867
1.683000,0.064911
1.684000,0.017054
1.685000,0.086476
1.686000,0.036618
1.687000,0.057694
1.688000,0.062737
1.689000,0.050593
1.690000,0.081673
1.691000,0.057159
1.692000,0.106509
1.693000,0.050576
1.694000,0.106925
1.695000,0.175025
1.696000,0.102050
1.697000,0.128324
1.698000,0.181964
1.699000,0.191001
1.700000,0.216244
1.701000,0.241413
1.702000,0.267535
1.703000,0.304121
1.704000,0.305866
1.705000,0.309302
1.706000,0.359729
1.707000,0.419418
1.708000,0.380987
1.709000,0.377766
1.710000,0.461564
1.711000,0.445232
1.712000,0.403135
1.713000,0.512036
1.714000,0.487538
1.715000,0.516424
1.716000,0.543087
1.717000,0.551179
1.718000,0.577354
1.719000,0.551821
1.720000,0.587261
1.721000,0.569207
1.722000,0.602424
1.723000,0.600142
1.724000,0.553232
1.725000,0.611734
1.726000,0.559253
1.727000,0.594159
1.728000,0.574037
1.729000,0.609900
1.730000,0.538558
1.731000,0.524209
1.732000,0.522609
1.733000,0.501843
1.734000,0.522099
1.735000,0.436369
1.736000,0.439781
1.737000,0.425848
1.738000,0.473020
1.739000,0.482771
1.740000,0.415747
1.741000,0.401893
1.742000,0.397940
1.743000,0.420522
1.744000,0.348750
1.745000,0.375821
1.746000,0.391319
1.747000,0.371869
1.748000,0.358742
1.749000,0.380797
1.750000,0.268903
1.751000,0.371102
1.752000,0.333432
1.753000,0.301917
1.754000,0.377400
1.755000,0.409879
1.756000,0.372447
1.757000,0.414252
1.758000,0.444206
1.759000,0.446405
1.760000,0.468080
1.761000,0.453717
1.762000,0.446774
1.763000,0.409823
1.764000,0.464010
1.765000,0.459561
1.766000,0.563229
1.767000,0.505661
1.768000,0.526888
1.769000,0.551233
1.770000,0.546570
1.771000,0.605606
1.772000,0.544339
1.773000,0.575756
1.774000,0.553058
1.775000,0.539554
1.776000,0.562942
1.777000,0.580570
1.778000,0.567380
1.779000,0.556221
1.780000,0.529678
1.781000,0.562393
1.782000,0.510929
1.783000,0.568266
1.784000,0.535600
1.785000,0.475413
1.786000,0.494321
1.787000,0.464049
1.788000,0.477890
1.789000,0.489057
1.790000,0.372096
1.791000,0.410452
1.792000,0.380162
1.793000,0.382562
1.794000,0.345947
1.795000,0.293981
1.796000,0.284000
1.797000,0.246949
1.798000,0.280774
1.799000,0.227376
1.800000,0.262761
1.801000,0.183793
1.802000,0.145294
1.803000,0.103245
1.804000,0.077966
1.805000,0.069333
1.806000,0.111148
1.807000,0.106217
1.808000,0.032934
1.809000,0.098257
1.810000,0.049581
1.811000,0.062764
1.812000,0.102605
1.813000,0.078565
1.814000,0.042501
1.815000,0.024110
1.816000,-0.012129
1.817000,0.033605
1.818000,0.052644
1.819000,0.034063
1.820000,0.065189
1.821000,0.077465
1.822000,0.074862
1.823000,0.068797
1.824000,0.100108
1.825000,0.114941
1.826000,0.075309
1.827000,0.156218
1.828000,0.116160
1.829000,0.124108
1.830000,0.148255
1.831000,0.136371
1.832000,0.159102
1.833000,0.138907
1.834000,0.110255
1.835000,0.136272
1.836000,0.086311
1.837000,0.117423
1.838000,0.105030
1.839000,0.089951
1.840000,0.080820
1.841000,0.015046
1.842000,0.040254
1.843000,0.043172
1.844000,0.027392
1.845000,-0.027385
1.846000,0.021022
1.847000,-0.064442
1.848000,-0.031849
1.849000,-0.071405
1.850000,-0.127543
1.851000,-0.079305
1.852000,-0.193076
1.853000,-0.154506
1.854000,-0.176801
1.855000,-0.251414
1.856000,-0.213555
1.857000,-0.286242
1.858000,-0.292697
1.859000,-0.315205
1.860000,-0.347588
1.861000,-0.338523
1.862000,-0.356945
1.863000,-0.449609
1.864000,-0.372829
1.865000,-0.474961
1.866000,-0.405495
1.867000,-0.412269
1.868000,-0.486588
1.869000,-0.472155
1.870000,-0.497171
1.871000,-0.472847
1.872000,-0.476323
1.873000,-0.442729
1.874000,-0.424287
1.875000,-0.417749
1.876000,-0.471173
1.877000,-0.454073
1.878000,-0.490731
1.879000,-0.455937
1.880000,-0.393615
1.881000,-0.364330
1.882000,-0.439679
1.883000,-0.410069
1.884000,-0.382708
1.885000,-0.363287
1.886000,-0.386085
1.887000,-0.339681
1.888000,-0.357888
1.889000,-0.336194
1.890000,-0.312420
1.891000,-0.322754
1.892000,-0.331383
1.893000,-0.318233
1.894000,-0.315639
1.895000,-0.323590
1.896000,-0.321261
1.897000,-0.268079
1.898000,-0.303297
1.899000,-0.334609
1.900000,-0.311961
1.901000,-0.351467
1.902000,-0.316232
1.903000,-0.351615
1.904000,-0.378408
1.905000,-0.375330
1.906000,-0.450418
1.907000,-0.452438
1.908000,-0.470455
1.909000,-0.446844
1.910000,-0.415975
1.911000,-0.417973
1.912000,-0.482695
1.913000,-0.503516
1.914000,-0.588875
1.915000,-0.566844
1.916000,-0.589161
1.917000,-0.598192
1.918000,-0.597565
1.919000,-0.618404
1.920000,-0.673969
1.921000,-0.601007
1.922000,-0.662878
1.923000,-0.629075
1.924000,-0.577815
1.925000,-0.669579
1.926000,-0.718001
1.927000,-0.648886
1.928000,-0.603608
1.929000,-0.572357
1.930000,-0.660645
1.931000,-0.599746
1.932000,-0.617810
1.933000,-0.594642
1.934000,-0.498267
1.935000,-0.607466
1.936000,-0.538328
1.937000,-0.514410
1.938000,-0.477465
1.939000,-0.487965
1.940000,-0.461972
1.941000,-0.462897
1.942000,-0.422817
1.943000,-0.420922
1.944000,-0.371888
1.945000,-0.381887
1.946000,-0.340275
1.947000,-0.333947
1.948000,-0.281615
1.949000,-0.300257
1.950000,-0.336347
1.951000,-0.230979
1.952000,-0.283030
1.953000,-0.263918
1.954000,-0.252113
1.955000,-0.184488
1.956000,-0.282839
1.957000,-0.119262
1.958000,-0.177907
1.959000,-0.200626
1.960000,-0.208196
1.961000,-0.198635
1.962000,-0.193561
1.963000,-0.193072
1.964000,-0.200119
1.965000,-0.219454
1.966000,-0.234267
1.967000,-0.239790
1.968000,-0.248539
1.969000,-0.216485
1.970000,-0.240688
1.971000,-0.354716
1.972000,-0.254668
1.973000,-0.275999
1.974000,-0.289375
1.975000,-0.306749
1.976000,-0.266794
1.977000,-0.276503
1.978000,-0.331370
1.979000,-0.297939
1.980000,-0.339861
1.981000,-0.351152
1.982000,-0.326021
1.983000,-0.277140
1.984000,-0.268496
1.985000,-0.274029
1.986000,-0.258242
1.987000,-0.253331
1.988000,-0.275158
1.989000,-0.228375
1.990000,-0.201124
1.991000,-0.184781
1.992000,-0.152583
1.993000,-0.146526
1.994000,-0.135570
1.995000,-0.091306
1.996000,-0.100615
1.997000,-0.101963
1.998000,-0.055538
1.999000,-0.047763
