shot,valid,reason,flipped,dt,n,ipmax,quench_duration_s,is_fast,n_bridge
11766,True,,False,0.0001999999999999988,2230,671405.875,0.0015999999999999903,True,0
11798,True,,False,0.0001999999999999988,2418,673342.6875,0.001999999999999988,True,3
11823,True,,False,0.00019999999999999185,2557,716543.3125,0.0009999999999999593,True,1
11851,True,,False,0.0001999999999999988,2233,1070638.75,0.0023999999999999855,True,1
11889,True,,False,0.00019999999999999185,2809,564055.875,0.03659999999999851,False,0
11914,True,,False,0.00019999999999999185,2736,786529.1875,0.05819999999999763,False,7
11936,True,,False,0.00019999999999999185,2977,573212.6875,0.07299999999999703,False,0
11957,True,,False,0.0001999999999999988,2513,932905.125,0.0025999999999999843,True,0
12023,True,,False,0.00019999999999997797,3333,588646.8125,0.05099999999999438,False,5
12058,True,,False,0.00020000000000000573,2039,459271.5,0.06080000000000174,False,2
12094,True,,False,0.00020000000000000573,1952,842499.1875,0.0026000000000000745,True,4
12121,True,,False,0.0001999999999999988,2423,830022.75,0.001999999999999988,True,0
12151,True,,False,0.0001999999999999988,2208,1147860.75,0.0035999999999999782,True,7
12177,True,,False,0.0001999999999999988,2484,1045965.9375,0.000999999999999994,True,2
12201,True,,False,0.00019999999999999185,2806,700826.6875,0.008399999999999658,True,1
12231,True,,False,0.00020000000000000573,1489,791224.875,0.0010000000000000286,True,2
12256,True,,False,0.00019999999999999185,2916,634652.6875,0.056599999999997694,False,4
12283,True,,False,0.00020000000000000573,1647,1149664.875,0.0016000000000000458,True,2
12315,True,,False,0.00019999999999999185,2859,539370.6875,0.029999999999998778,False,3
12357,True,,False,0.0001999999999999988,2505,1096104.75,0.0025999999999999843,True,0
12384,True,,False,0.0001999999999999988,2469,1080861.125,0.002799999999999983,True,0
12410,True,,False,0.00019999999999999185,2862,1140286.0,0.0033999999999998615,True,0
12435,True,,False,0.00019999999999999185,2930,786961.375,0.0017999999999999267,True,1
12460,True,,False,0.00020000000000000573,2054,1162760.625,0.00140000000000004,True,0
12481,True,,False,0.00019999999999999185,2885,846876.6875,0.001399999999999943,True,1
12507,True,,False,0.00020000000000000573,1879,1013426.0625,0.0020000000000000573,True,3
12535,True,,False,0.00019999999999999185,3178,952835.875,0.0059999999999997555,True,5
12556,True,,False,0.00019999999999999185,2738,1156715.375,0.0035999999999998533,True,4
12617,True,,False,0.00020000000000000573,2198,1029468.125,0.0012000000000000344,True,3
12654,True,,False,0.00020000000000000573,1967,1301434.375,0.0024000000000000687,True,3
12679,True,,False,0.0001999999999999988,2361,978648.8125,0.000999999999999994,True,0
12701,True,,False,0.00019999999999999185,3089,973685.1875,0.0017999999999999267,True,4
12724,True,,False,0.0001999999999999988,2419,948834.25,0.0011999999999999927,True,0
12747,True,,False,0.00019999999999999185,3022,916346.75,0.0017999999999999267,True,4
12774,True,,False,0.0001999999999999988,2349,1135387.125,0.002799999999999983,True,2
12795,True,,False,0.00019999999999999185,2860,753582.0,0.0017999999999999267,True,3
12821,True,,False,0.0001999999999999988,2542,1076392.375,0.000999999999999994,True,1
12843,True,,False,0.00019999999999999185,2903,857120.3125,0.0017999999999999267,True,0
12868,True,,False,0.00019999999999999185,3083,737679.625,0.0515999999999979,False,3
12891,True,,False,0.00019999999999999185,2680,792751.0,0.002399999999999902,True,1
12916,True,,False,0.0001999999999999988,2413,1140894.0,0.002999999999999982,True,3
12942,True,,False,0.00020000000000000573,2012,1060449.125,0.0020000000000000573,True,5
12965,True,,False,0.0001999999999999988,2454,1064241.625,0.0031999999999999806,True,5
12988,True,,False,0.00019999999999999185,2889,820330.4375,0.07099999999999711,False,5
13016,True,,False,0.00019999999999999185,2939,752084.1875,0.001399999999999943,True,3
13040,True,,False,0.00019999999999999185,3099,637877.5,0.04739999999999807,False,6
13060,True,,False,0.00019999999999999185,2857,867401.0625,0.0017999999999999267,True,4
13083,True,,False,0.00019999999999997797,3509,539840.25,0.022199999999997555,False,4
13109,True,,False,0.0001999999999999988,2404,1071570.5,0.0025999999999999843,True,2
13140,True,,False,0.00019999999999999185,2634,1105811.375,0.0017999999999999267,True,2
13224,True,,False,0.00019999999999999185,2722,1076749.875,0.002799999999999886,True,0
13259,True,,False,0.00019999999999999185,2826,763046.9375,0.02159999999999912,False,2
13281,True,,False,0.00019999999999999185,2989,831223.5625,0.0017999999999999267,True,2
13316,True,,False,0.00019999999999999185,3092,1063453.5,0.0017999999999999267,True,3
13341,True,,False,0.00020000000000000573,2121,1104917.0,0.0032000000000000917,True,0
13369,True,,False,0.00019999999999999185,3031,1015745.8125,0.002399999999999902,True,3
13409,True,,False,0.0001999999999999988,2460,1073856.0,0.0031999999999999806,True,0
13433,True,,False,0.00019999999999999185,3086,1205959.5,0.0019999999999999185,True,2
13460,True,,False,0.00019999999999999185,2751,814007.4375,0.002599999999999894,True,1
13493,True,,True,0.0001999999999999988,2264,1055720.625,0.0031999999999999806,True,3
13516,True,,True,0.00019999999999999185,2876,1009291.75,0.0021999999999999104,True,2
13536,True,,True,0.00019999999999999185,2700,871013.6875,0.002399999999999902,True,6
13559,True,,True,0.00020000000000000573,1542,617202.3125,0.0010000000000000286,True,1
13585,True,,True,0.00020000000000000573,2098,966114.0625,0.00280000000000008,True,1
13625,True,,True,0.00019999999999999185,2805,799978.4375,0.002399999999999902,True,1
13654,True,,True,0.00019999999999999185,2551,946148.5,0.002599999999999894,True,3
13680,True,,True,0.00020000000000000573,1788,824000.375,0.00140000000000004,True,2
13705,True,,False,0.00019999999999999185,2674,764454.4375,0.02059999999999916,False,3
13728,True,,False,0.0001999999999999988,2510,976019.125,0.002999999999999982,True,0
13750,True,,False,0.00019999999999999185,3074,970951.5,0.002599999999999894,True,4
13778,True,,False,0.00019999999999999185,2826,765020.125,0.010599999999999568,True,3
13800,True,,False,0.00019999999999999185,2736,973491.625,0.002799999999999886,True,0
13824,True,,False,0.0001999999999999988,2416,1078817.25,0.0031999999999999806,True,2
13860,True,,False,0.00020000000000000573,2074,979643.8125,0.00280000000000008,True,2
13890,True,,False,0.00019999999999999185,2674,776793.5625,0.024199999999999014,False,3
13944,True,,False,0.0001999999999999988,2269,1070025.0,0.0025999999999999843,True,1
13975,True,,False,0.00019999999999999185,2673,867283.5,0.002799999999999886,True,3
14000,True,,False,0.00019999999999999185,2753,843496.125,0.0017999999999999267,True,1
14026,True,,False,0.00020000000000000573,1888,1012992.6875,0.0024000000000000687,True,3
14048,True,,False,0.00019999999999999185,2962,835720.125,0.01399999999999943,True,1
14164,True,,False,0.00019999999999999185,2903,633167.4375,0.0637999999999974,False,2
14192,True,,False,0.00019999999999999185,2821,764912.625,0.01619999999999934,False,5
14218,True,,False,0.0001999999999999988,2348,816428.375,0.0021999999999999867,True,2
14241,True,,False,0.00019999999999999185,2724,1225766.875,0.002599999999999894,True,4
14278,True,,False,0.00019999999999999185,2932,837915.1875,0.0007999999999999674,True,1
14303,True,,False,0.00020000000000000573,2132,699582.375,0.0020000000000000573,True,3
14328,True,,False,0.00019999999999999185,3059,800695.6875,0.002599999999999894,True,2
14356,True,,False,0.00019999999999999185,2830,764642.25,0.024399999999999006,False,1
14385,True,,False,0.0001999999999999988,2319,894138.1875,0.08259999999999951,False,4
14422,True,,False,0.00020000000000000573,2135,900290.1875,0.002200000000000063,True,0
14448,True,,False,0.00019999999999999185,2708,766122.0625,0.010399999999999576,True,1
14477,True,,False,0.00019999999999999185,2853,768736.75,0.014399999999999413,True,0
14505,True,,False,0.00019999999999999185,2846,783229.4375,0.0009999999999999593,True,0
14532,True,,False,0.00019999999999997797,3232,873306.375,0.020399999999997753,False,3
14557,True,,False,0.00019999999999999185,2622,885724.375,0.0007999999999999674,True,2
14584,True,,False,0.00019999999999999185,3074,754092.8125,0.05939999999999758,False,4
14611,True,,False,0.00019999999999999185,2715,765838.625,0.0007999999999999674,True,0
14638,True,,False,0.00019999999999999185,2761,915869.4375,0.0009999999999999593,True,1
14791,True,,False,0.0001999999999999988,2408,973787.75,0.0025999999999999843,True,0
14818,True,,False,0.00019999999999999185,2827,769872.0,0.018999999999999226,False,4
14891,True,,False,0.00019999999999999185,3204,870514.1875,0.013799999999999438,True,5
14951,True,,False,0.00019999999999999185,3078,505920.25,0.001199999999999951,True,1
14982,True,,False,0.00019999999999999185,3155,474872.5,0.028399999999998843,False,3
15009,True,,False,0.00020000000000000573,1879,951831.875,0.00280000000000008,True,8
15040,True,,False,0.0001999999999999988,2345,899340.6875,0.000999999999999994,True,2
15065,True,,False,0.0001999999999999988,2207,946921.125,0.0007999999999999952,True,2
15089,True,,False,0.00020000000000000573,1913,785740.375,0.002200000000000063,True,2
15114,True,,False,0.00019999999999999185,2554,833881.5625,0.002799999999999886,True,0
15141,True,,False,0.00019999999999999185,2918,759647.75,0.03019999999999877,False,3
15169,True,,False,0.00019999999999999185,2591,777499.875,0.00859999999999965,True,2
15198,True,,False,0.00019999999999999185,2965,702127.3125,0.07099999999999711,False,2
15224,True,,False,0.00019999999999999185,2574,784167.0625,0.0019999999999999185,True,3
15254,True,,False,0.0001999999999999988,2412,970766.875,0.0031999999999999806,True,0
15278,True,,False,0.00019999999999999185,2989,667920.625,0.07459999999999696,False,3
15306,True,,False,0.00020000000000000573,2143,1045346.8125,0.0010000000000000286,True,0
15331,True,,False,0.00020000000000000573,1822,751155.0,0.0024000000000000687,True,10
15363,True,,False,0.00019999999999999185,2742,726271.5625,0.02499999999999898,False,0
15442,True,,False,0.00019999999999999185,3166,813481.125,0.005599999999999772,True,2
15477,True,,False,0.00019999999999999185,3225,767279.5,0.07679999999999687,False,3
15501,True,,False,0.00019999999999999185,3150,729945.5625,0.08119999999999669,False,4
15526,True,,False,0.0001999999999999849,3229,766928.0625,0.08599999999999351,False,2
15555,True,,False,0.00019999999999997797,3879,469586.90625,0.03959999999999564,False,0
15582,True,,False,0.00019999999999999185,2942,844509.625,0.0029999999999998778,True,0
15607,True,,False,0.00019999999999999185,3035,743258.375,0.0465999999999981,False,2
15630,True,,False,0.00019999999999999185,2933,984076.375,0.0009999999999999593,True,0
15656,True,,False,0.00019999999999999185,2861,770025.875,0.01939999999999921,False,8
15683,True,,False,0.00019999999999999185,3157,758262.9375,0.006599999999999731,True,7
15722,True,,False,0.00019999999999999185,2644,847426.8125,0.0019999999999999185,True,0
15751,True,,False,0.00019999999999997797,3517,734273.9375,0.08419999999999073,False,3
15795,True,,False,0.00019999999999997797,3261,728586.375,0.0771999999999915,False,5
15826,True,,False,0.00019999999999997797,3342,744221.375,0.10919999999998797,False,2
15851,True,,False,0.00019999999999999185,2633,819975.375,0.0021999999999999104,True,1
15877,True,,False,0.00019999999999997797,3293,762986.0625,0.08679999999999044,False,1
15905,True,,False,0.00019999999999999185,2986,980472.1875,0.002599999999999894,True,5
15946,True,,False,0.00019999999999999185,2867,766426.25,0.018599999999999242,False,0
15972,True,,False,0.00020000000000000573,2108,974520.25,0.0026000000000000745,True,5
15997,True,,False,0.00020000000000000573,1624,919136.25,0.0026000000000000745,True,9
16025,True,,False,0.0001999999999999988,2211,1339054.5,0.0011999999999999927,True,4
16049,True,,False,0.00019999999999999185,3011,856306.5,0.002599999999999894,True,1
16075,True,,False,0.0001999999999999988,2358,925821.0,0.002799999999999983,True,2
16099,True,,False,0.0001999999999999988,2486,898432.75,0.0025999999999999843,True,0
16131,True,,False,0.0001999999999999988,2356,1219849.375,0.0033999999999999794,True,4
16157,True,,False,0.0001999999999999988,2207,945503.0,0.0031999999999999806,True,4
16186,True,,False,0.00019999999999999185,3193,688562.1875,0.0021999999999999104,True,0
16211,True,,False,0.00019999999999999185,3096,1051695.5,0.002399999999999902,True,0
16237,True,,False,0.00020000000000000573,2178,991499.25,0.0032000000000000917,True,3
16261,True,,False,0.00019999999999999185,3157,761459.0625,0.005799999999999764,True,8
16283,True,,False,0.00019999999999999185,2767,802479.25,0.0021999999999999104,True,3
16310,True,,False,0.00019999999999999185,2924,774240.875,0.024399999999999006,False,1
16332,True,,False,0.0001999999999999988,2485,992155.8125,0.0025999999999999843,True,6
16360,True,,False,0.00019999999999997797,3660,757097.625,0.1279999999999859,False,3
16387,True,,False,0.0001999999999999988,2362,913407.875,0.0023999999999999855,True,4
16413,True,,False,0.00019999999999999185,3136,815664.5625,0.002399999999999902,True,2
16443,True,,False,0.00019999999999997797,3611,657921.0625,0.048799999999994625,False,4
16468,True,,False,0.00019999999999999185,2796,1427312.625,0.0033999999999998615,True,0
16542,True,,False,0.00020000000000000573,1867,893361.625,0.0012000000000000344,True,0
16589,True,,False,0.00019999999999999185,2678,614278.75,0.04239999999999827,False,4
16623,True,,False,0.00019999999999999185,3204,624767.0625,0.016999999999999307,False,1
16667,True,,False,0.00020000000000000573,2061,944507.125,0.002200000000000063,True,4
16691,True,,False,0.00019999999999999185,3114,766591.4375,0.0761999999999969,False,4
16716,True,,False,0.00020000000000000573,2133,863572.6875,0.0024000000000000687,True,4
16748,True,,False,0.00019999999999999185,2837,739225.375,0.028599999999998835,False,1
16802,True,,False,0.0001999999999999988,2366,903134.9375,0.01979999999999988,False,0
16856,True,,False,0.00019999999999999185,2721,635528.4375,0.06339999999999742,False,4
16923,True,,False,0.00019999999999999185,3148,478144.8125,0.044799999999998175,False,5
16950,True,,False,0.00019999999999997797,3243,655320.6875,0.0025999999999997137,True,2
16973,True,,False,0.00019999999999999185,3021,523543.75,0.04999999999999796,False,3
16994,True,,False,0.00019999999999999185,3139,753809.1875,0.0785999999999968,False,3
17022,True,,False,0.00019999999999997797,3672,527203.25,0.0017999999999998018,True,1
17048,True,,False,0.00020000000000000573,1623,916119.8125,0.0024000000000000687,True,5
17076,True,,False,0.0001999999999999988,2397,926882.8125,0.002999999999999982,True,0
17098,True,,False,0.0001999999999999988,2292,887513.0,0.002799999999999983,True,4
17127,True,,False,0.00019999999999999185,2611,912535.375,0.0031999999999998696,True,1
17152,True,,False,0.0001999999999999988,2455,911213.125,0.0025999999999999843,True,3
17175,True,,False,0.00019999999999997797,3750,425157.4375,0.01079999999999881,True,1
17198,True,,False,0.0001999999999999988,2214,942566.8125,0.002799999999999983,True,2
17262,True,,False,0.00019999999999997797,3261,763465.4375,0.10639999999998828,False,1
17353,True,,False,0.00020000000000000573,2104,866357.4375,0.002200000000000063,True,1
17392,True,,False,0.00019999999999997797,3281,759555.5625,0.10879999999998802,False,2
17429,True,,False,0.00019999999999999185,3128,745298.0625,0.11339999999999538,False,5
17450,True,,False,0.00019999999999997797,3426,762431.5625,0.09879999999998912,False,2
17473,True,,False,0.00019999999999999185,3207,810261.9375,0.002599999999999894,True,0
17506,True,,False,0.00019999999999999185,2672,867564.25,0.002599999999999894,True,2
17526,True,,False,0.00019999999999999185,2882,757126.1875,0.022199999999999095,False,0
17557,True,,False,0.0001999999999999988,2448,846828.125,0.0023999999999999855,True,8
17581,True,,False,0.00019999999999999185,2547,930858.6875,0.002799999999999886,True,6
17607,True,,False,0.0001999999999999988,2402,923672.4375,0.0033999999999999794,True,2
17633,True,,False,0.00019999999999999185,2855,1414070.875,0.002799999999999886,True,6
17656,True,,False,0.00019999999999997797,3478,756617.8125,0.09459999999998958,False,0
17680,True,,False,0.00019999999999999185,2633,930400.75,0.0029999999999998778,True,2
17709,True,,False,0.00019999999999999185,2568,875561.5,0.0033999999999998615,True,5
17729,True,,False,0.0001999999999999988,2226,1006093.0625,0.002999999999999982,True,0
17757,True,,False,0.00019999999999999185,3190,630661.5,0.05719999999999767,False,0
17778,True,,False,0.0001999999999999988,2267,972147.625,0.002999999999999982,True,0
17800,True,,False,0.00019999999999999185,2569,917602.6875,0.002399999999999902,True,11
17826,True,,False,0.00019999999999997797,3678,505399.75,0.0019999999999997797,True,1
17849,True,,False,0.00019999999999999185,2622,950275.625,0.0031999999999998696,True,1
17873,True,,False,0.00019999999999999185,2700,731247.0,0.06599999999999731,False,0
17899,True,,False,0.00019999999999999185,2569,1035361.3125,0.0031999999999998696,True,4
17923,True,,False,0.00019999999999997797,3395,750286.0625,0.10239999999998872,False,5
17947,True,,False,0.00019999999999997797,3560,755571.0,0.06699999999999262,False,0
17971,True,,False,0.00019999999999999185,2773,970259.6875,0.0033999999999998615,True,2
17995,True,,False,0.0001999999999999988,2538,940819.6875,0.002999999999999982,True,0
18020,True,,False,0.00019999999999999185,2776,1401216.0,0.0029999999999998778,True,3
18045,True,,False,0.00019999999999999185,2867,726017.875,0.07339999999999701,False,1
18066,True,,False,0.0001999999999999988,2484,795859.1875,0.0025999999999999843,True,9
18226,True,,False,0.0001999999999999988,2378,937493.5,0.0025999999999999843,True,4
18300,True,,False,0.00019999999999997797,3559,733369.9375,0.0009999999999998899,True,0
18323,True,,False,0.00019999999999997797,3311,761699.1875,0.11599999999998722,False,2
18348,True,,False,0.00019999999999997797,3604,843356.5,0.0021999999999997577,True,3
18368,True,,False,0.00019999999999999185,2866,819281.5,0.0031999999999998696,True,0
18397,True,,False,0.0001999999999999988,2385,1160206.375,0.0033999999999999794,True,10
18420,True,,False,0.00020000000000000573,1987,513656.4375,0.1118000000000032,False,5
18445,True,,False,0.00019999999999997797,4037,641814.75,0.061799999999993194,False,4
18471,True,,False,0.00019999999999999185,3197,736550.5625,0.11499999999999531,False,3
18495,True,,False,0.00019999999999999185,2979,759637.5625,0.04219999999999828,False,2
18519,True,,False,0.00019999999999999185,2637,806966.4375,0.002799999999999886,True,0
18542,True,,False,0.00019999999999999185,3092,799456.0625,0.022999999999999063,False,2
18566,True,,False,0.00019999999999999185,2666,949780.3125,0.0031999999999998696,True,1
18595,True,,False,0.00019999999999999185,2555,938564.875,0.0031999999999998696,True,2
18618,True,,False,0.00019999999999999185,2952,1151221.0,0.0035999999999998533,True,3
18645,True,,False,0.00019999999999997797,3854,639886.75,0.05039999999999445,False,1
18672,True,,False,0.00020000000000000573,2125,1238620.625,0.00280000000000008,True,1
18696,True,,False,0.00019999999999999185,2617,907897.375,0.0029999999999998778,True,0
18720,True,,False,0.00019999999999999185,3051,717880.25,0.10279999999999581,False,4
18744,True,,False,0.0001999999999999988,2331,881310.1875,0.0023999999999999855,True,3
18768,True,,False,0.00019999999999999185,2772,1060363.5,0.0029999999999998778,True,3
18791,True,,False,0.00019999999999999185,2624,857555.0,0.001399999999999943,True,6
18816,True,,False,0.00019999999999997797,3426,759946.75,0.11919999999998687,False,3
18836,True,,False,0.00019999999999997797,3567,736583.25,0.0011999999999998678,True,1
18862,True,,False,0.0001999999999999988,2520,1006006.875,0.08459999999999948,False,2
18885,True,,False,0.0001999999999999988,2360,1025200.4375,0.0025999999999999843,True,6
18911,True,,False,0.00019999999999997797,3265,1168511.125,0.0027999999999996916,True,4
19301,True,,False,0.00019999999999997797,3311,280261.46875,0.19919999999997806,False,4
19409,True,,False,0.0001999999999999988,2339,735078.25,0.0017999999999999891,True,1
19455,True,,False,0.00019999999999999185,2775,529376.0625,0.044799999999998175,False,4
19493,True,,False,0.0001999999999999988,2318,724847.3125,0.020199999999999878,False,0
19524,True,,False,0.00019999999999999185,2982,662690.0,0.002799999999999886,True,4
19553,True,,False,0.00020000000000000573,1424,503639.21875,0.0008000000000000229,True,1
19580,True,,False,0.00020000000000000573,2089,466140.28125,0.15120000000000433,False,2
19613,True,,False,0.00019999999999999185,2680,695373.6875,0.0015999999999999348,True,2
19664,True,,False,0.00019999999999999185,2827,721440.3125,0.013399999999999454,True,5
19700,True,,False,0.00020000000000000573,1367,762633.75,0.00040000000000001146,True,3
19789,True,,False,0.00019999999999999185,2564,874400.6875,0.002799999999999886,True,0
19812,True,,False,0.0001999999999999988,2430,951496.9375,0.0025999999999999843,True,0
19842,True,,False,0.00019999999999999185,3065,766960.5625,0.10219999999999584,False,3
19872,True,,False,0.00019999999999997797,3495,551338.4375,0.0017999999999998018,True,3
19901,True,,False,0.00019999999999999185,3154,876203.9375,0.003799999999999845,True,7
19948,True,,False,0.0001999999999999988,2387,903072.625,0.002999999999999982,True,8
19990,True,,False,0.0001999999999999988,2466,471233.25,0.09559999999999942,False,0
20019,True,,False,0.00019999999999997797,3656,419200.71875,0.0371999999999959,False,5
20047,True,,False,0.00020000000000000573,1425,583819.0,0.0032000000000000917,True,0
20078,True,,False,0.0001999999999999988,2494,826973.1875,0.012999999999999921,True,0
20101,True,,False,0.00019999999999997797,3462,875376.625,0.0007999999999999119,True,0
20123,True,,False,0.00019999999999997797,3708,649795.8125,0.07459999999999178,False,0
20166,True,,False,0.0001999999999999988,2208,872613.375,0.003799999999999977,True,8
20253,True,,False,0.00019999999999997797,3804,428075.75,0.016399999999998194,False,0
20280,True,,False,0.00019999999999997797,3355,754382.6875,0.11759999999998705,False,3
20305,True,,False,0.0001999999999999988,2453,988743.5,0.002799999999999983,True,1
20329,True,,False,0.00019999999999999185,2754,741683.1875,0.040399999999998354,False,3
20362,True,,False,0.0001999999999999988,2531,886734.3125,0.002799999999999983,True,4
20386,True,,False,0.0001999999999999988,2439,873561.4375,0.002999999999999982,True,3
20410,True,,False,0.00019999999999999185,3094,889427.625,0.0029999999999998778,True,1
20447,True,,False,0.00019999999999997797,3832,418014.6875,0.025399999999997203,False,2
20471,True,,False,0.0001999999999999988,2405,888870.1875,0.002799999999999983,True,5
20492,True,,False,0.00019999999999999185,2758,908167.4375,0.002799999999999886,True,0
20515,True,,False,0.0001999999999999988,2360,894160.8125,0.002799999999999983,True,2
20546,True,,False,0.0001999999999999849,3229,730622.3125,0.0979999999999926,False,2
20574,True,,False,0.0001999999999999988,2242,985640.8125,0.0023999999999999855,True,1
20606,True,,False,0.00019999999999999185,2639,779176.0,0.018599999999999242,False,0
20630,True,,False,0.00019999999999999185,3003,1066346.25,0.0005999999999999756,True,2
20661,True,,False,0.00019999999999997797,3618,684997.8125,0.09819999999998918,False,1
20702,True,,False,0.00019999999999999185,3112,758020.125,0.08219999999999665,False,5
20737,True,,False,0.00020000000000000573,2164,851267.75,0.002200000000000063,True,1
20769,True,,False,0.00019999999999999185,3065,869053.0625,0.002599999999999894,True,2
20805,True,,False,0.00019999999999997797,3786,426071.03125,0.015599999999998282,False,0
20827,True,,False,0.00019999999999999185,2620,855454.8125,0.002799999999999886,True,0
20853,True,,False,0.0001999999999999988,2260,888997.5,0.0025999999999999843,True,8
20877,True,,False,0.00019999999999999185,2895,910365.8125,0.0029999999999998778,True,2
20899,True,,False,0.00019999999999997797,3825,633073.9375,0.04259999999999531,False,2
20924,True,,False,0.00019999999999999185,2837,877318.625,0.0019999999999999185,True,0
20977,True,,False,0.00019999999999999185,2628,795581.8125,0.002599999999999894,True,0
21015,True,,False,0.00019999999999999185,3115,441730.0,0.0019999999999999185,True,0
21068,True,,False,0.00019999999999999185,2675,766790.9375,0.027799999999998867,False,3
21172,True,,False,0.00019999999999999185,3017,759996.125,0.07939999999999676,False,4
21278,True,,False,0.00019999999999999185,3222,634634.3125,0.11099999999999548,False,4
21303,True,,False,0.00019999999999999185,3151,470643.15625,0.0019999999999999185,True,1
21326,True,,False,0.00019999999999999185,2777,878838.8125,0.002599999999999894,True,1
21352,True,,False,0.0001999999999999988,2326,834758.875,0.005399999999999967,True,3
21425,True,,False,0.00020000000000000573,2104,894066.4375,0.0010000000000000286,True,8
21454,True,,False,0.00019999999999997797,3322,816658.5625,0.15319999999998313,False,4
21479,True,,False,0.00019999999999999185,3139,634065.8125,0.09119999999999628,False,0
21506,True,,False,0.00019999999999999185,3032,848845.5625,0.0031999999999998696,True,1
21536,True,,False,0.00019999999999997797,3366,744683.0,0.0005999999999999339,True,4
21559,True,,False,0.00019999999999999185,2710,794880.75,0.002599999999999894,True,1
21582,True,,False,0.00019999999999999185,3060,634195.5625,0.07199999999999707,False,3
21624,True,,False,0.0001999999999999988,2484,803575.9375,0.002799999999999983,True,0
21651,True,,False,0.00019999999999999185,2723,782614.5,0.07999999999999674,False,0
21687,True,,False,0.00019999999999999185,3215,469490.53125,0.0021999999999999104,True,2
21712,True,,False,0.00019999999999997797,3737,419355.78125,0.0753999999999917,False,6
21739,True,,False,0.00019999999999997797,3904,521361.8125,0.0013999999999998458,True,1
21771,True,,False,0.00019999999999997797,3473,640888.1875,0.05799999999999361,False,2
21791,True,,False,0.00020000000000000573,1753,426830.4375,0.031600000000000905,False,2
21817,True,,False,0.00019999999999997797,3689,482581.03125,0.0005999999999999339,True,0
21845,True,,False,0.00019999999999999185,3180,632342.0625,0.08299999999999662,False,1
21868,True,,False,0.00019999999999999185,2958,678839.5,0.05179999999999789,False,0
21891,True,,False,0.00020000000000000573,2085,930715.375,0.0032000000000000917,True,6
21916,True,,False,0.00019999999999999185,3143,630366.75,0.09139999999999628,False,0
21937,True,,False,0.00019999999999999185,2611,921303.6875,0.0031999999999998696,True,0
21964,True,,False,0.00019999999999997797,3804,426037.53125,0.02259999999999751,False,0
21984,True,,False,0.00019999999999999185,2707,1097663.875,0.0031999999999998696,True,0
22010,True,,False,0.0001999999999999988,2541,1112434.625,0.000999999999999994,True,0
22036,True,,False,0.00019999999999997797,3294,730665.0,0.0009999999999998899,True,1
22058,True,,False,0.0001999999999999988,2414,923762.875,0.002999999999999982,True,0
22084,True,,False,0.0001999999999999988,2369,1089213.25,0.002999999999999982,True,4
22113,True,,False,0.00019999999999999185,3008,988268.9375,0.0035999999999998533,True,2
22134,True,,False,0.00019999999999999185,2838,1053395.0,0.002799999999999886,True,2
22158,True,,False,0.00020000000000000573,2114,929963.6875,0.0012000000000000344,True,0
22182,True,,False,0.00019999999999997797,4095,427378.34375,0.01279999999999859,True,1
22215,True,,False,0.0001999999999999988,2505,795780.0,0.002999999999999982,True,5
22236,True,,False,0.00019999999999997797,3403,709788.25,0.028399999999996872,False,4
22260,True,,False,0.00019999999999999185,2782,818668.5625,0.002799999999999886,True,1
22282,True,,False,0.00019999999999997797,3768,631595.6875,0.06619999999999271,False,2
22307,True,,False,0.0001999999999999988,2285,1006808.1875,0.002999999999999982,True,7
22332,True,,False,0.0001999999999999988,2461,1118040.0,0.002999999999999982,True,1
22394,True,,True,0.0001999999999999988,2410,1031167.5,0.0023999999999999855,True,2
22423,True,,True,0.00019999999999999185,2992,825094.125,0.05799999999999764,False,1
22443,True,,True,0.0001999999999999988,2223,888461.1875,0.000999999999999994,True,0
22474,True,,True,0.00019999999999997797,3549,743945.75,0.09819999999998918,False,3
22494,True,,True,0.00019999999999997797,3753,421905.6875,0.02079999999999771,False,0
22520,True,,True,0.0001999999999999988,2450,803807.4375,0.0033999999999999794,True,2
22544,True,,True,0.00019999999999997797,3290,831252.8125,0.026399999999997092,False,0
22564,True,,True,0.00020000000000000573,1936,941188.875,0.0020000000000000573,True,0
22587,True,,True,0.00019999999999999185,2836,1028193.75,0.002399999999999902,True,0
22610,True,,True,0.00019999999999997797,3365,418615.96875,0.028399999999996872,False,4
22632,True,,False,0.00020000000000000573,1795,798098.875,0.002200000000000063,True,3
22655,True,,False,0.0001999999999999988,2411,986134.375,0.002799999999999983,True,4
22686,True,,False,0.00019999999999999185,2559,661897.1875,0.002399999999999902,True,0
22710,True,,False,0.00019999999999997797,3987,634728.1875,0.032999999999996366,False,1
22732,True,,False,0.00019999999999997797,3467,422460.4375,0.03639999999999599,False,5
22755,True,,False,0.00019999999999999185,2872,644657.5625,0.0465999999999981,False,4
22777,True,,False,0.00019999999999999185,2698,908358.875,0.002799999999999886,True,3
22797,True,,False,0.0001999999999999988,2333,1024489.0,0.0023999999999999855,True,0
22820,True,,False,0.00019999999999999185,2703,676840.25,0.001199999999999951,True,0
22930,True,,False,0.00019999999999999185,2687,641103.375,0.031799999999998704,False,1
22958,True,,False,0.00019999999999997797,3513,452585.25,0.0015999999999998238,True,6
22985,True,,False,0.00019999999999999185,3006,427453.9375,0.040399999999998354,False,1
23009,True,,False,0.00019999999999997797,3735,425888.3125,0.07399999999999185,False,0
23164,True,,False,0.00019999999999997797,3338,440322.375,0.007199999999999207,True,1
23285,True,,False,0.00019999999999999185,2566,749006.8125,0.03979999999999838,False,0
23317,True,,False,0.00019999999999997797,3836,434611.125,0.004999999999999449,True,3
23339,True,,False,0.00019999999999999185,2979,862762.4375,0.0021999999999999104,True,1
23359,True,,False,0.00019999999999999185,2899,424448.21875,0.03019999999999877,False,1
23386,True,,False,0.00019999999999999185,2929,938900.375,0.002799999999999886,True,4
23408,True,,False,0.00019999999999997797,3568,645431.0,0.04839999999999467,False,2
23441,True,,False,0.00019999999999999185,2703,1019306.5,0.0031999999999998696,True,0
23474,True,,False,0.00019999999999999185,2737,1123168.0,0.002599999999999894,True,3
23496,True,,False,0.0001999999999999988,2463,801308.125,0.020199999999999878,False,3
23522,True,,False,0.00019999999999999185,3164,614338.5625,0.09499999999999613,False,6
23589,True,,False,0.00019999999999999185,3064,638412.1875,0.07799999999999682,False,3
23610,True,,False,0.00019999999999997797,3615,737413.9375,0.10119999999998885,False,1
23635,True,,False,0.00019999999999997797,3703,640462.1875,0.049799999999994515,False,1
23683,True,,False,0.00019999999999997797,3442,676453.375,0.14059999999998452,False,0
23706,True,,False,0.0001999999999999988,2490,748490.75,0.00659999999999996,True,0
23728,True,,False,0.00019999999999999185,2924,669544.625,0.13979999999999432,False,0
23765,True,,False,0.00019999999999997797,3472,462101.40625,0.0015999999999998238,True,3
23790,True,,False,0.00019999999999999185,2895,871636.125,0.0021999999999999104,True,2
23814,True,,False,0.00019999999999997797,3391,801583.0,0.05019999999999447,False,5
23840,True,,False,0.00019999999999999185,2587,895464.25,0.002799999999999886,True,0
23867,True,,False,0.00019999999999999185,2893,1190150.125,0.002799999999999886,True,0
23893,True,,False,0.00019999999999999185,2906,809844.25,0.0033999999999998615,True,1
23919,True,,False,0.00020000000000000573,2126,822046.375,0.00140000000000004,True,0
23942,True,,False,0.00019999999999999185,2589,665637.3125,0.036199999999998525,False,2
23988,True,,False,0.00019999999999997797,3565,435192.0625,0.028199999999996894,False,5
24013,True,,False,0.0001999999999999988,2509,778974.0625,0.0025999999999999843,True,0
24037,True,,False,0.00019999999999999185,3018,653930.1875,0.0009999999999999593,True,1
24070,True,,False,0.0001999999999999988,2485,803209.5625,0.0025999999999999843,True,0
24095,True,,False,0.00019999999999999185,2863,495327.90625,0.001199999999999951,True,5
24135,True,,False,0.00019999999999999185,2618,1019041.375,0.002799999999999886,True,1
24167,True,,False,0.00019999999999999185,2673,856485.6875,0.002799999999999886,True,0
24201,True,,False,0.00019999999999999185,2880,1010826.9375,0.002799999999999886,True,0
24221,True,,False,0.00019999999999999185,2749,973526.8125,0.0029999999999998778,True,0
24313,True,,False,0.00019999999999999185,2770,1003700.875,0.002799999999999886,True,1
24336,True,,False,0.00019999999999999185,2565,1028986.1875,0.0031999999999998696,True,3
24359,True,,False,0.00019999999999999185,2752,997819.0625,0.0031999999999998696,True,2
24381,True,,False,0.00019999999999997797,3487,436329.6875,0.024999999999997247,False,4
24403,True,,False,0.00019999999999997797,3463,1046982.6875,0.005599999999999383,True,2
24424,True,,False,0.00019999999999999185,2848,1048605.5,0.0029999999999998778,True,1
24448,True,,False,0.00019999999999999185,2651,844927.875,0.1253999999999949,False,4
24471,True,,False,0.00019999999999999185,2604,976576.6875,0.01739999999999929,False,3
24497,True,,False,0.00019999999999999185,2867,939845.5625,0.0029999999999998778,True,0
24519,True,,False,0.0001999999999999988,2429,908694.5,0.001999999999999988,True,2
24542,True,,False,0.00019999999999999185,2871,1132397.125,0.0029999999999998778,True,0
24566,True,,False,0.00019999999999999185,2663,1188770.125,0.0029999999999998778,True,0
24586,True,,False,0.00019999999999999185,2666,1185783.125,0.0031999999999998696,True,2
24609,True,,False,0.00020000000000000573,1892,892737.9375,0.00140000000000004,True,1
24634,True,,False,0.0001999999999999988,2357,961501.5625,0.012999999999999921,True,1
24660,True,,False,0.00020000000000000573,1782,738108.75,0.0024000000000000687,True,2
24688,True,,False,0.00019999999999999185,3057,646078.5,0.07739999999999685,False,2
24710,True,,False,0.00019999999999999185,2871,762129.3125,0.02579999999999895,False,0
24732,True,,False,0.00019999999999997797,3994,650640.0625,0.072599999999992,False,3
24754,True,,False,0.00019999999999999185,2888,879911.0625,0.002799999999999886,True,0
24774,True,,False,0.00019999999999999185,3143,921615.5,0.17799999999999275,False,2
24803,True,,False,0.00019999999999997797,3442,842595.0625,0.16999999999998128,False,2
24830,True,,False,0.0001999999999999988,2422,692335.1875,0.021799999999999868,False,0
24861,True,,False,0.00019999999999999185,3150,663614.4375,0.0663999999999973,False,0
24888,True,,False,0.00019999999999997797,3729,674511.375,0.1733999999999809,False,0
24910,True,,False,0.0001999999999999988,2234,676370.1875,0.0033999999999999794,True,0
24931,True,,False,0.00019999999999997797,3635,658823.375,0.15379999999998306,False,0
25013,True,,False,0.00019999999999997797,3800,674983.0625,0.0007999999999999119,True,0
25035,True,,False,0.00019999999999999185,2644,944052.9375,0.0035999999999998533,True,2
25059,True,,False,0.0001999999999999988,2532,1008513.125,0.015999999999999903,False,1
25079,True,,False,0.00019999999999999185,3201,670307.9375,0.0009999999999999593,True,0
25105,True,,False,0.00019999999999997797,3507,690181.5,0.0007999999999999119,True,3
25128,True,,False,0.00019999999999999185,2602,809453.25,0.002599999999999894,True,0
25154,True,,False,0.00020000000000000573,1998,794929.9375,0.01220000000000035,True,5
25178,True,,False,0.00019999999999997797,3765,764103.9375,0.33439999999996317,False,4
25212,True,,False,0.00020000000000000573,2141,1020311.0625,0.0010000000000000286,True,2
25251,True,,False,0.00019999999999999185,2849,969020.8125,0.018599999999999242,False,0
25272,True,,False,0.00020000000000000573,1657,699110.1875,0.0024000000000000687,True,5
25294,True,,False,0.0001999999999999988,2232,791888.0,0.0031999999999999806,True,4
25316,True,,False,0.00019999999999997797,3244,645839.3125,0.12319999999998643,False,0
25341,True,,False,0.00019999999999997797,3398,762379.625,0.03639999999999599,False,4
25363,True,,False,0.00019999999999999185,2701,934617.3125,0.0021999999999999104,True,1
25441,True,,False,0.00019999999999997797,12172,354455.5625,1.106999999999878,False,0
25463,True,,False,0.00019999999999997797,12390,389399.09375,1.1147999999998772,False,0
25487,True,,False,0.00019999999999997797,12281,413038.71875,1.117399999999877,False,0
25519,True,,False,0.00019999999999997797,12344,402568.21875,1.1045999999998783,False,0
25595,True,,False,0.00019999999999997797,11933,384542.5625,1.0963999999998792,False,0
25656,True,,False,0.00019999999999997797,4329,437793.84375,0.02779999999999694,False,0
25683,True,,False,0.00019999999999997797,4394,469585.1875,0.0007999999999999119,True,5
25714,True,,False,0.00019999999999997797,4447,438080.3125,0.033199999999996344,False,9
25750,True,,False,0.00019999999999997797,3948,954661.8125,0.0023999999999997357,True,0
25781,True,,False,0.00019999999999997797,3966,649232.75,0.030999999999996586,False,1
25809,True,,False,0.00019999999999997797,4037,799088.3125,0.08179999999999099,False,4
25898,True,,False,0.00019999999999997797,3941,768067.4375,0.0033999999999996255,True,2
25949,True,,False,0.00019999999999997797,3793,919616.875,0.0029999999999996696,True,2
25971,True,,False,0.00019999999999997797,3839,790061.875,0.13279999999998537,False,0
25998,True,,False,0.00019999999999997797,4551,900064.5625,0.0011999999999998678,True,2
26026,True,,False,0.00019999999999997797,3837,867464.875,0.0025999999999997137,True,1
26050,True,,False,0.00019999999999997797,4466,526162.1875,0.0025999999999997137,True,1
26084,True,,False,0.00019999999999997797,4447,773839.1875,0.0009999999999998899,True,6
26114,True,,False,0.00019999999999997797,4019,855817.8125,0.030799999999996608,False,4
26138,True,,False,0.00019999999999997797,4412,881385.0625,0.0031999999999996476,True,0
26163,True,,False,0.00019999999999997797,4567,873693.625,0.0011999999999998678,True,2
26187,True,,False,0.00019999999999997797,4091,693592.0625,0.0023999999999997357,True,0
26213,True,,False,0.00019999999999997797,3686,887484.9375,0.0029999999999996696,True,1
26242,True,,False,0.00019999999999997797,3546,809652.625,0.02779999999999694,False,3
26270,True,,False,0.00019999999999997797,4355,499610.78125,0.0025999999999997137,True,1
26314,True,,False,0.00019999999999997797,4152,785333.6875,0.12739999999998597,False,7
26354,True,,False,0.00019999999999997797,3520,1021587.625,0.0025999999999997137,True,0
26381,True,,False,0.00019999999999997797,3968,1090930.25,0.0027999999999996916,True,0
26407,True,,False,0.00019999999999997797,4574,664543.75,0.041999999999995374,False,4
26449,True,,False,0.00019999999999997797,4157,637629.4375,0.28479999999996863,False,0
26474,True,,False,0.00019999999999997797,4291,454764.53125,0.02279999999999749,False,0
26510,True,,False,0.00019999999999997797,4440,444575.90625,0.043799999999995176,False,1
26541,True,,False,0.00019999999999997797,3427,796420.3125,0.10419999999998852,False,3
26574,True,,False,0.00019999999999997797,4127,667730.5625,0.08339999999999081,False,3
26603,True,,False,0.00019999999999997797,4001,803866.625,0.15499999999998293,False,2
26635,True,,False,0.00019999999999997797,3259,807724.3125,0.15839999999998255,False,0
26755,True,,False,0.00019999999999997797,4016,787048.8125,0.13139999999998553,False,2
26782,True,,False,0.00019999999999997797,4277,456437.15625,0.0031999999999996476,True,5
26808,True,,False,0.00019999999999997797,3987,1022417.875,0.0031999999999996476,True,0
26838,True,,False,0.0001999999999999988,2436,1004921.5625,0.0011999999999999927,True,2
26861,True,,False,0.00019999999999997797,3567,998109.125,0.0027999999999996916,True,1
26891,True,,False,0.00019999999999999185,2989,1025114.25,0.0029999999999998778,True,4
26928,True,,False,0.00019999999999997797,3955,804148.75,0.0011999999999998678,True,0
26958,True,,False,0.00019999999999997797,4430,766576.125,0.0009999999999998899,True,2
26984,True,,False,0.00019999999999999185,2927,823485.0,0.0033999999999998615,True,4
27013,True,,False,0.00019999999999999185,2638,876811.375,0.002799999999999886,True,0
27046,True,,False,0.00019999999999997797,3442,955735.1875,0.0027999999999996916,True,0
27076,True,,False,0.00019999999999997797,3711,432970.09375,0.03979999999999562,False,0
27100,True,,False,0.00019999999999999185,3213,790577.75,0.1299999999999947,False,0
27124,True,,False,0.00019999999999997797,3492,662000.625,0.07419999999999183,False,2
27148,True,,False,0.00020000000000000573,1804,680123.4375,0.002200000000000063,True,0
27172,True,,False,0.00019999999999997797,3663,780925.6875,0.15119999999998335,False,7
27195,True,,False,0.00019999999999999185,2760,797079.4375,0.032799999999998664,False,0
27218,True,,False,0.00019999999999997797,4422,436973.5625,0.05919999999999348,False,0
27240,True,,False,0.00019999999999999185,2710,792968.3125,0.002799999999999886,True,1
27266,True,,False,0.00019999999999997797,3331,792471.375,0.1307999999999856,False,3
27286,True,,False,0.00019999999999997797,3463,941398.6875,0.0029999999999996696,True,1
27311,True,,False,0.00019999999999997797,3487,664391.9375,0.07499999999999174,False,5
27334,True,,False,0.00019999999999997797,3439,1009445.5625,0.0029999999999996696,True,8
27366,True,,False,0.00019999999999999185,3212,770609.9375,0.12459999999999492,False,6
27388,True,,False,0.00019999999999999185,3148,791757.625,0.002599999999999894,True,1
27411,True,,False,0.00019999999999999185,2862,986035.125,0.0029999999999998778,True,0
27433,True,,False,0.00019999999999997797,3478,708104.75,0.004999999999999449,True,6
27463,True,,False,0.00019999999999997797,3326,771941.9375,0.12359999999998639,False,0
27486,True,,False,0.00019999999999999185,3127,760622.4375,0.002599999999999894,True,1
27510,True,,False,0.00019999999999999185,2584,1061904.625,0.002799999999999886,True,2
27532,True,,False,0.00019999999999999185,3172,667429.25,0.08739999999999644,False,0
27555,True,,False,0.00019999999999999185,3189,681023.6875,0.0019999999999999185,True,1
27579,True,,False,0.00019999999999997797,3434,708672.875,0.005999999999999339,True,4
27603,True,,False,0.0001999999999999988,2284,681950.5,0.002999999999999982,True,0
27629,True,,False,0.00019999999999997797,3258,743093.25,0.13019999999998566,False,5
27651,True,,False,0.00019999999999999185,3157,765454.4375,0.1153999999999953,False,4
27672,True,,False,0.00019999999999999185,3024,940204.9375,0.002799999999999886,True,10
27697,True,,False,0.00019999999999999185,3163,806266.0,0.002599999999999894,True,10
27724,True,,False,0.00019999999999997797,3345,608489.625,0.0017999999999998018,True,4
27750,True,,False,0.00020000000000000573,1918,760959.9375,0.0012000000000000344,True,3
27773,True,,False,0.00019999999999999185,2884,746620.375,0.0035999999999998533,True,7
27797,True,,False,0.00019999999999999185,3156,872061.0625,0.0009999999999999593,True,0
27824,True,,False,0.00019999999999999185,2840,428319.6875,0.035199999999998566,False,2
27860,True,,False,0.00020000000000000573,1867,757347.6875,0.003000000000000086,True,11
27881,True,,False,0.00019999999999999185,2596,894484.75,0.002799999999999886,True,1
27905,True,,False,0.00019999999999999185,3038,1119300.0,0.0031999999999998696,True,12
27930,True,,False,0.00019999999999997797,3298,713872.875,0.0007999999999999119,True,0
27954,True,,False,0.00019999999999999185,3173,773279.75,0.15039999999999387,False,1
27993,True,,False,0.00019999999999999185,3149,777052.125,0.07259999999999704,False,5
28016,True,,False,0.00019999999999999185,2569,949273.125,0.0029999999999998778,True,6
28037,True,,False,0.00019999999999999185,2931,939341.5625,0.0029999999999998778,True,3
28059,True,,False,0.00020000000000000573,2147,815861.5625,0.00280000000000008,True,1
28084,True,,False,0.00019999999999999185,3195,647004.0,0.023399999999999047,False,0
28109,True,,False,0.00019999999999999185,3206,780322.875,0.12439999999999493,False,3
28130,True,,False,0.0001999999999999988,2429,1019615.0,0.0031999999999999806,True,6
28154,True,,False,0.0001999999999999988,2342,696444.0,0.0025999999999999843,True,7
28178,True,,False,0.0001999999999999988,2532,888175.5625,0.0033999999999999794,True,0
28200,True,,False,0.00019999999999999185,2813,1070030.625,0.002599999999999894,True,12
28223,True,,False,0.00019999999999999185,2859,685656.6875,0.0029999999999998778,True,5
28245,True,,False,0.00019999999999997797,3251,615122.3125,0.07959999999999123,False,4
28272,True,,False,0.00020000000000000573,1549,757903.625,0.0020000000000000573,True,14
28298,True,,False,0.00019999999999999185,2775,1049296.75,0.002599999999999894,True,11
28319,True,,False,0.00019999999999999185,3001,1030421.625,0.0031999999999998696,True,6
28341,True,,False,0.0001999999999999988,2511,839997.3125,0.0031999999999999806,True,2
28739,True,,False,0.00020000000000000573,1708,453030.84375,0.00040000000000001146,True,5
28770,True,,False,0.0001999999999999988,2491,668499.375,0.002799999999999983,True,1
28796,True,,False,0.00019999999999997797,3504,498069.21875,0.0009999999999998899,True,2
28826,True,,False,0.00019999999999999185,2873,676854.6875,0.002599999999999894,True,5
28849,True,,False,0.0001999999999999988,2403,490318.5625,0.001999999999999988,True,1
28900,True,,False,0.00019999999999999185,3052,590727.625,0.08279999999999663,False,5
28977,True,,False,0.0001999999999999988,2307,983323.3125,0.0025999999999999843,True,11
29000,True,,False,0.0001999999999999988,2215,473790.1875,0.0017999999999999891,True,4
29026,True,,False,0.00019999999999999185,2964,688279.375,0.0029999999999998778,True,5
29053,True,,False,0.00019999999999999185,2588,814737.875,0.0009999999999999593,True,0
29092,True,,False,0.00019999999999997797,3646,619464.25,0.0007999999999999119,True,3
29139,True,,False,0.00019999999999999185,2671,1124577.0,0.002799999999999886,True,4
29171,True,,False,0.00019999999999997797,4284,473563.15625,0.07559999999999167,False,3
29203,True,,False,0.00019999999999999185,2576,1067083.875,0.0009999999999999593,True,9
29228,True,,False,0.00019999999999997797,3734,435321.75,0.04519999999999502,False,8
29250,True,,False,0.00019999999999999185,2955,862945.1875,0.0007999999999999674,True,6
29285,True,,False,0.00019999999999997797,4379,459427.84375,0.0317999999999965,False,7
29362,True,,False,0.00019999999999999185,3008,1115461.125,0.002799999999999886,True,14
29388,True,,False,0.00019999999999997797,4593,480606.4375,0.008199999999999097,True,3
29417,True,,False,0.0001999999999999988,2349,661272.0625,0.0025999999999999843,True,3
29441,True,,False,0.00019999999999999185,2620,706145.0,0.002799999999999886,True,6
29474,True,,False,0.00019999999999999185,3188,654217.4375,0.002799999999999886,True,3
29505,True,,False,0.00019999999999997797,4526,444584.25,0.007199999999999207,True,4
29549,True,,False,0.00019999999999999185,2757,1110605.25,0.0033999999999998615,True,9
29578,True,,False,0.00019999999999997797,4009,452144.375,0.022199999999997555,False,1
29606,True,,False,0.00019999999999999185,3022,650319.0625,0.021199999999999136,False,5
29639,True,,False,0.00019999999999997797,4463,452899.125,0.015199999999998326,False,0
29669,True,,False,0.00019999999999997797,4285,454954.28125,0.046999999999994824,False,0
29702,True,,False,0.00019999999999997797,3383,605705.75,0.029199999999996784,False,4
29741,True,,False,0.00019999999999997797,3249,457976.625,0.03759999999999586,False,0
29769,True,,False,0.00019999999999997797,4040,450954.25,0.03919999999999568,False,0
29801,True,,False,0.00019999999999997797,3723,647022.125,0.06819999999999249,False,3
29832,True,,False,0.00019999999999999185,2548,863090.8125,0.001199999999999951,True,0
29876,True,,False,0.00019999999999999185,3039,706550.25,0.023199999999999055,False,0
29902,True,,False,0.0001999999999999988,2532,940821.25,0.0031999999999999806,True,3
29925,True,,False,0.00019999999999999185,2649,973800.875,0.0029999999999998778,True,2
29947,True,,False,0.00019999999999997797,4448,453430.125,0.02279999999999749,False,8
29974,True,,False,0.00019999999999999185,2725,645463.625,0.02479999999999899,False,0
30009,True,,False,0.00020000000000000573,1755,757007.75,0.0018000000000000516,True,12
30034,True,,False,0.00019999999999999185,3055,894648.9375,0.0009999999999999593,True,1
30057,True,,False,0.00019999999999997797,3481,434653.125,0.07039999999999225,False,1
30086,True,,False,0.00019999999999997797,3524,597892.5,0.0009999999999998899,True,2
30109,True,,False,0.00019999999999999185,2811,1102403.625,0.0031999999999998696,True,2
30134,True,,False,0.00019999999999997797,3704,599947.6875,0.0009999999999998899,True,8
30155,True,,False,0.00019999999999999185,2742,1014789.1875,0.0031999999999998696,True,3
30178,True,,False,0.00019999999999997797,3462,724374.125,0.10319999999998863,False,3
30201,True,,False,0.00019999999999999185,2963,1076434.5,0.0031999999999998696,True,10
30260,True,,False,0.00019999999999997797,4466,449059.75,0.025399999999997203,False,6
30283,True,,False,0.00019999999999999532,2545,1132359.0,0.003199999999999925,True,5
30312,True,,False,0.00019999999999997797,3283,605963.8125,0.0023999999999997357,True,5
30345,True,,False,0.00019999999999997797,4166,455503.46875,0.0007999999999999119,True,11
30370,True,,False,0.00019999999999997797,4025,653015.75,0.0009999999999998899,True,7
30400,True,,False,0.0001999999999999849,3229,870775.4375,0.0007999999999999396,True,2
30426,True,,False,0.00019999999999997797,3790,648683.4375,0.0317999999999965,False,12
30459,True,,False,0.00020000000000000573,1912,688805.0625,0.002200000000000063,True,6
